-- MariaDB dump 10.19  Distrib 10.5.18-MariaDB, for Linux (x86_64)
--
-- Host: localhost    Database: northwind
-- ------------------------------------------------------
-- Server version	10.5.18-MariaDB

/*!40101 SET @OLD_CHARACTER_SET_CLIENT=@@CHARACTER_SET_CLIENT */;
/*!40101 SET @OLD_CHARACTER_SET_RESULTS=@@CHARACTER_SET_RESULTS */;
/*!40101 SET @OLD_COLLATION_CONNECTION=@@COLLATION_CONNECTION */;
/*!40101 SET NAMES utf8mb4 */;
/*!40103 SET @OLD_TIME_ZONE=@@TIME_ZONE */;
/*!40103 SET TIME_ZONE='+00:00' */;
/*!40014 SET @OLD_UNIQUE_CHECKS=@@UNIQUE_CHECKS, UNIQUE_CHECKS=0 */;
/*!40014 SET @OLD_FOREIGN_KEY_CHECKS=@@FOREIGN_KEY_CHECKS, FOREIGN_KEY_CHECKS=0 */;
/*!40101 SET @OLD_SQL_MODE=@@SQL_MODE, SQL_MODE='NO_AUTO_VALUE_ON_ZERO' */;
/*!40111 SET @OLD_SQL_NOTES=@@SQL_NOTES, SQL_NOTES=0 */;

--
-- Sequence structure for `sq_transaction`
--

DROP SEQUENCE IF EXISTS `sq_transaction`;
CREATE SEQUENCE `sq_transaction` start with 1 minvalue 1 maxvalue 9223372036854775806 increment by 1 cache 1000 nocycle ENGINE=InnoDB;
SELECT SETVAL(`sq_transaction`, 1001, 0);

--
-- Sequence structure for `sq_transaction_id`
--

DROP SEQUENCE IF EXISTS `sq_transaction_id`;
CREATE SEQUENCE `sq_transaction_id` start with 1 minvalue 1 maxvalue 9223372036854775806 increment by 1 cache 1000 nocycle ENGINE=InnoDB;
SELECT SETVAL(`sq_transaction_id`, 4001, 0);

--
-- Temporary table structure for view `Alphabetical list of products`
--

DROP TABLE IF EXISTS `Alphabetical list of products`;
/*!50001 DROP VIEW IF EXISTS `Alphabetical list of products`*/;
SET @saved_cs_client     = @@character_set_client;
SET character_set_client = utf8;
/*!50001 CREATE VIEW `Alphabetical list of products` AS SELECT
 1 AS `ProductID`,
  1 AS `ProductName`,
  1 AS `SupplierID`,
  1 AS `CategoryID`,
  1 AS `QuantityPerUnit`,
  1 AS `UnitPrice`,
  1 AS `UnitsInStock`,
  1 AS `UnitsOnOrder`,
  1 AS `ReorderLevel`,
  1 AS `Discontinued`,
  1 AS `CategoryName` */;
SET character_set_client = @saved_cs_client;

--
-- Table structure for table `Categories`
--

DROP TABLE IF EXISTS `Categories`;
/*!40101 SET @saved_cs_client     = @@character_set_client */;
/*!40101 SET character_set_client = utf8 */;
CREATE TABLE `Categories` (
  `CategoryID` int(11) NOT NULL AUTO_INCREMENT,
  `CategoryName` varchar(15) NOT NULL,
  `Description` mediumtext DEFAULT NULL,
  PRIMARY KEY (`CategoryID`),
  KEY `CategoryName` (`CategoryName`)
) ENGINE=InnoDB AUTO_INCREMENT=69 DEFAULT CHARSET=latin1 COLLATE=latin1_swedish_ci;
/*!40101 SET character_set_client = @saved_cs_client */;

--
-- Dumping data for table `Categories`
--

LOCK TABLES `Categories` WRITE;
/*!40000 ALTER TABLE `Categories` DISABLE KEYS */;
INSERT INTO `Categories` VALUES (1,'test category1','test description'),(2,'Condiments','Sweet and savory sauces, relishes, spreads, and seasonings'),(3,'Confections','Desserts, candies, and sweet breads'),(4,'Dairy Products','Cheeses'),(5,'Grains/Cereals','Breads, crackers, pasta, and cereal'),(6,'Meat/Poultry','Prepared meats'),(7,'Produce','Dried fruit and bean curd'),(8,'Seafood','Seaweed and fish'),(62,'test caory122','test description');
/*!40000 ALTER TABLE `Categories` ENABLE KEYS */;
UNLOCK TABLES;

--
-- Temporary table structure for view `Current Product List`
--

DROP TABLE IF EXISTS `Current Product List`;
/*!50001 DROP VIEW IF EXISTS `Current Product List`*/;
SET @saved_cs_client     = @@character_set_client;
SET character_set_client = utf8;
/*!50001 CREATE VIEW `Current Product List` AS SELECT
 1 AS `ProductID`,
  1 AS `ProductName` */;
SET character_set_client = @saved_cs_client;

--
-- Temporary table structure for view `Customer and Suppliers by City`
--

DROP TABLE IF EXISTS `Customer and Suppliers by City`;
/*!50001 DROP VIEW IF EXISTS `Customer and Suppliers by City`*/;
SET @saved_cs_client     = @@character_set_client;
SET character_set_client = utf8;
/*!50001 CREATE VIEW `Customer and Suppliers by City` AS SELECT
 1 AS `City`,
  1 AS `CompanyName`,
  1 AS `ContactName`,
  1 AS `Relationship` */;
SET character_set_client = @saved_cs_client;

--
-- Table structure for table `CustomerCustomerDemo`
--

DROP TABLE IF EXISTS `CustomerCustomerDemo`;
/*!40101 SET @saved_cs_client     = @@character_set_client */;
/*!40101 SET character_set_client = utf8 */;
CREATE TABLE `CustomerCustomerDemo` (
  `CustomerID` varchar(5) NOT NULL,
  `CustomerTypeID` varchar(10) NOT NULL,
  PRIMARY KEY (`CustomerID`,`CustomerTypeID`),
  KEY `FK_CustomerCustomerDemo` (`CustomerTypeID`),
  CONSTRAINT `FK_CustomerCustomerDemo` FOREIGN KEY (`CustomerTypeID`) REFERENCES `CustomerDemographics` (`CustomerTypeID`),
  CONSTRAINT `FK_CustomerCustomerDemo_Customers` FOREIGN KEY (`CustomerID`) REFERENCES `Customers` (`CustomerID`)
) ENGINE=InnoDB DEFAULT CHARSET=latin1 COLLATE=latin1_swedish_ci;
/*!40101 SET character_set_client = @saved_cs_client */;

--
-- Dumping data for table `CustomerCustomerDemo`
--

LOCK TABLES `CustomerCustomerDemo` WRITE;
/*!40000 ALTER TABLE `CustomerCustomerDemo` DISABLE KEYS */;
/*!40000 ALTER TABLE `CustomerCustomerDemo` ENABLE KEYS */;
UNLOCK TABLES;

--
-- Table structure for table `CustomerDemographics`
--

DROP TABLE IF EXISTS `CustomerDemographics`;
/*!40101 SET @saved_cs_client     = @@character_set_client */;
/*!40101 SET character_set_client = utf8 */;
CREATE TABLE `CustomerDemographics` (
  `CustomerTypeID` varchar(10) NOT NULL,
  `CustomerDesc` mediumtext DEFAULT NULL,
  PRIMARY KEY (`CustomerTypeID`)
) ENGINE=InnoDB DEFAULT CHARSET=latin1 COLLATE=latin1_swedish_ci;
/*!40101 SET character_set_client = @saved_cs_client */;

--
-- Dumping data for table `CustomerDemographics`
--

LOCK TABLES `CustomerDemographics` WRITE;
/*!40000 ALTER TABLE `CustomerDemographics` DISABLE KEYS */;
/*!40000 ALTER TABLE `CustomerDemographics` ENABLE KEYS */;
UNLOCK TABLES;

--
-- Table structure for table `Customers`
--

DROP TABLE IF EXISTS `Customers`;
/*!40101 SET @saved_cs_client     = @@character_set_client */;
/*!40101 SET character_set_client = utf8 */;
CREATE TABLE `Customers` (
  `CustomerID` varchar(5) NOT NULL,
  `CompanyName` varchar(40) NOT NULL,
  `ContactName` varchar(30) DEFAULT NULL,
  `ContactTitle` varchar(30) DEFAULT NULL,
  `Address` varchar(60) DEFAULT NULL,
  `City` varchar(15) NOT NULL,
  `Region` varchar(15) DEFAULT NULL,
  `PostalCode` varchar(10) DEFAULT NULL,
  `Country` varchar(15) NOT NULL,
  `Phone` varchar(24) DEFAULT NULL,
  `Fax` varchar(24) DEFAULT NULL,
  PRIMARY KEY (`CustomerID`),
  KEY `City` (`City`),
  KEY `CompanyName` (`CompanyName`),
  KEY `PostalCode` (`PostalCode`),
  KEY `Region` (`Region`)
) ENGINE=InnoDB DEFAULT CHARSET=latin1 COLLATE=latin1_swedish_ci;
/*!40101 SET character_set_client = @saved_cs_client */;

--
-- Dumping data for table `Customers`
--

LOCK TABLES `Customers` WRITE;
/*!40000 ALTER TABLE `Customers` DISABLE KEYS */;
INSERT INTO `Customers` VALUES ('ALFKI','Alfreds Futterkiste','Maria Anders','Sales Representative','Obere Str. 57','Berlin',NULL,'12209','Germany','030-0074321','030-0076545'),('ANATR','Ana Trujillo Emparedados y helados','Ana Trujillo','Owner','Avda. de la Constitucin 2222','Mxico D.F.',NULL,'05021','Mexico','(5) 555-4729','(5) 555-3745'),('ANTON','Antonio Moreno Taquera','Antonio Moreno','Owner','Mataderos  2312','Mxico D.F.',NULL,'05023','Mexico','(5) 555-3932',NULL),('AROUT','Around the Horn','Thomas Hardy','Sales Representative','120 Hanover Sq.','London',NULL,'WA1 1DP','UK','(171) 555-7788','(171) 555-6750'),('BERGS','Berglunds snabbkp','Christina Berglund','Order Administrator','Berguvsvgen  8','Lule',NULL,'S-958 22','Sweden','0921-12 34 65','0921-12 34 67'),('BLAUS','Blauer See Delikatessen','Hanna Moos','Sales Representative','Forsterstr. 57','Mannheim',NULL,'68306','Germany','0621-08460','0621-08924'),('BLONP','Blondesddsl pre et fils','Frdrique Citeaux','Marketing Manager','24, place Klber','Strasbourg',NULL,'67000','France','88.60.15.31','88.60.15.32'),('BOLID','Blido Comidas preparadas','Martn Sommer','Owner','C/ Araquil, 67','Madrid',NULL,'28023','Spain','(91) 555 22 82','(91) 555 91 99'),('BONAP','Bon app\'','Laurence Lebihan','Owner','12, rue des Bouchers','Marseille',NULL,'13008','France','91.24.45.40','91.24.45.41'),('BOTTM','Bottom-Dollar Markets','Elizabeth Lincoln','Accounting Manager','23 Tsawassen Blvd.','Tsawassen','BC','T2F 8M4','Canada','(604) 555-4729','(604) 555-3745'),('BSBEV','B\'s Beverages','Victoria Ashworth','Sales Representative','Fauntleroy Circus','London',NULL,'EC2 5NT','UK','(171) 555-1212',NULL),('CACTU','Cactus Comidas para llevar','Patricio Simpson','Sales Agent','Cerrito 333','Buenos Aires',NULL,'1010','Argentina','(1) 135-5555','(1) 135-4892'),('CENTC','Centro comercial Moctezuma','Francisco Chang','Marketing Manager','Sierras de Granada 9993','Mxico D.F.',NULL,'05022','Mexico','(5) 555-3392','(5) 555-7293'),('CHOPS','Chop-suey Chinese','Yang Wang','Owner','Hauptstr. 29','Bern',NULL,'3012','Switzerland','0452-076545',NULL),('COMMI','Comrcio Mineiro','Pedro Afonso','Sales Associate','Av. dos Lusadas, 23','Sao Paulo','SP','05432-043','Brazil','(11) 555-7647',NULL),('CONSH','Consolidated Holdings','Elizabeth Brown','Sales Representative','Berkeley Gardens 12  Brewery','London',NULL,'WX1 6LT','UK','(171) 555-2282','(171) 555-9199'),('DRACD','Drachenblut Delikatessen','Sven Ottlieb','Order Administrator','Walserweg 21','Aachen',NULL,'52066','Germany','0241-039123','0241-059428'),('DUMON','Du monde entier','Janine Labrune','Owner','67, rue des Cinquante Otages','Nantes',NULL,'44000','France','40.67.88.88','40.67.89.89'),('EASTC','Eastern Connection','Ann Devon','Sales Agent','35 King George','London',NULL,'WX3 6FW','UK','(171) 555-0297','(171) 555-3373'),('ERNSH','Ernst Handel','Roland Mendel','Sales Manager','Kirchgasse 6','Graz',NULL,'8010','Austria','7675-3425','7675-3426'),('FAMIA','Familia Arquibaldo','Aria Cruz','Marketing Assistant','Rua Ors, 92','Sao Paulo','SP','05442-030','Brazil','(11) 555-9857',NULL),('FISSA','FISSA Fabrica Inter. Salchichas S.A.','Diego Roel','Accounting Manager','C/ Moralzarzal, 86','Madrid',NULL,'28034','Spain','(91) 555 94 44','(91) 555 55 93'),('FOLIG','Folies gourmandes','Martine Ranc','Assistant Sales Agent','184, chausse de Tournai','Lille',NULL,'59000','France','20.16.10.16','20.16.10.17'),('FOLKO','Folk och f HB','Maria Larsson','Owner','kergatan 24','Brcke',NULL,'S-844 67','Sweden','0695-34 67 21',NULL),('FRANK','Frankenversand','Peter Franken','Marketing Manager','Berliner Platz 43','Mnchen',NULL,'80805','Germany','089-0877310','089-0877451'),('FRANR','France restauration','Carine Schmitt','Marketing Manager','54, rue Royale','Nantes',NULL,'44000','France','40.32.21.21','40.32.21.20'),('FRANS','Franchi S.p.A.','Paolo Accorti','Sales Representative','Via Monte Bianco 34','Torino',NULL,'10100','Italy','011-4988260','011-4988261'),('FURIB','Furia Bacalhau e Frutos do Mar','Lino Rodriguez','Sales Manager','Jardim das rosas n. 32','Lisboa',NULL,'1675','Portugal','(1) 354-2534','(1) 354-2535'),('GALED','Galera del gastrnomo','Eduardo Saavedra','Marketing Manager','Rambla de Catalua, 23','Barcelona',NULL,'08022','Spain','(93) 203 4560','(93) 203 4561'),('GODOS','Godos Cocina Tpica','Jos Pedro Freyre','Sales Manager','C/ Romero, 33','Sevilla',NULL,'41101','Spain','(95) 555 82 82',NULL),('GOURL','Gourmet Lanchonetes','Andr Fonseca','Sales Associate','Av. Brasil, 442','Campinas','SP','04876-786','Brazil','(11) 555-9482',NULL),('GREAL','Great Lakes Food Market','Howard Snyder','Marketing Manager','2732 Baker Blvd.','Eugene','OR','97403','USA','(503) 555-7555',NULL),('GROSR','GROSELLA-Restaurante','Manuel Pereira','Owner','5 Ave. Los Palos Grandes','Caracas','DF','1081','Venezuela','(2) 283-2951','(2) 283-3397'),('HANAR','Hanari Carnes','Mario Pontes','Accounting Manager','Rua do Pao, 67','Rio de Janeiro','RJ','05454-876','Brazil','(21) 555-0091','(21) 555-8765'),('HILAA','HILARION-Abastos','Carlos Hernndez','Sales Representative','Carrera 22 con Ave. Carlos Soublette #8-35','San Cristbal','Tchira','5022','Venezuela','(5) 555-1340','(5) 555-1948'),('HUNGC','Hungry Coyote Import Store','Yoshi Latimer','Sales Representative','City Center Plaza 516 Main St.','Elgin','OR','97827','USA','(503) 555-6874','(503) 555-2376'),('HUNGO','Hungry Owl All-Night Grocers','Patricia McKenna','Sales Associate','8 Johnstown Road','Cork','Co. Cork',NULL,'Ireland','2967 542','2967 3333'),('ISLAT','Island Trading','Helen Bennett','Marketing Manager','Garden House Crowther Way','Cowes','Isle of Wight','PO31 7PJ','UK','(198) 555-8888',NULL),('KOENE','Kniglich Essen','Philip Cramer','Sales Associate','Maubelstr. 90','Brandenburg',NULL,'14776','Germany','0555-09876',NULL),('LACOR','La corne d\'abondance','Daniel Tonini','Sales Representative','67, avenue de l\'Europe','Versailles',NULL,'78000','France','30.59.84.10','30.59.85.11'),('LAMAI','La maison d\'Asie','Annette Roulet','Sales Manager','1 rue Alsace-Lorraine','Toulouse',NULL,'31000','France','61.77.61.10','61.77.61.11'),('LAUGB','Laughing Bacchus Wine Cellars','Yoshi Tannamuri','Marketing Assistant','1900 Oak St.','Vancouver','BC','V3F 2K1','Canada','(604) 555-3392','(604) 555-7293'),('LAZYK','Lazy K Kountry Store','John Steel','Marketing Manager','12 Orchestra Terrace','Walla Walla','WA','99362','USA','(509) 555-7969','(509) 555-6221'),('LEHMS','Lehmanns Marktstand','Renate Messner','Sales Representative','Magazinweg 7','Frankfurt a.M.',NULL,'60528','Germany','069-0245984','069-0245874'),('LETSS','Let\'s Stop N Shop','Jaime Yorres','Owner','87 Polk St. Suite 5','San Francisco','CA','94117','USA','(415) 555-5938',NULL),('LILAS','LILA-Supermercado','Carlos Gonzlez','Accounting Manager','Carrera 52 con Ave. Bolvar #65-98 Llano Largo','Barquisimeto','Lara','3508','Venezuela','(9) 331-6954','(9) 331-7256'),('LINOD','LINO-Delicateses','Felipe Izquierdo','Owner','Ave. 5 de Mayo Porlamar','I. de Margarita','Nueva Esparta','4980','Venezuela','(8) 34-56-12','(8) 34-93-93'),('LONEP','Lonesome Pine Restaurant','Fran Wilson','Sales Manager','89 Chiaroscuro Rd.','Portland','OR','97219','USA','(503) 555-9573','(503) 555-9646'),('MAGAA','Magazzini Alimentari Riuniti','Giovanni Rovelli','Marketing Manager','Via Ludovico il Moro 22','Bergamo',NULL,'24100','Italy','035-640230','035-640231'),('MAISD','Maison Dewey','Catherine Dewey','Sales Agent','Rue Joseph-Bens 532','Bruxelles',NULL,'B-1180','Belgium','(02) 201 24 67','(02) 201 24 68'),('MEREP','Mre Paillarde','Jean Fresnire','Marketing Assistant','43 rue St. Laurent','Montral','Qubec','H1J 1C3','Canada','(514) 555-8054','(514) 555-8055'),('MORGK','Morgenstern Gesundkost','Alexander Feuer','Marketing Assistant','Heerstr. 22','Leipzig',NULL,'04179','Germany','0342-023176',NULL),('NORTS','North/South','Simon Crowther','Sales Associate','South House 300 Queensbridge','London',NULL,'SW7 1RZ','UK','(171) 555-7733','(171) 555-2530'),('OCEAN','Ocano Atlntico Ltda.','Yvonne Moncada','Sales Agent','Ing. Gustavo Moncada 8585 Piso 20-A','Buenos Aires',NULL,'1010','Argentina','(1) 135-5333','(1) 135-5535'),('OLDWO','Old World Delicatessen','Rene Phillips','Sales Representative','2743 Bering St.','Anchorage','AK','99508','USA','(907) 555-7584','(907) 555-2880'),('OTTIK','Ottilies Kseladen','Henriette Pfalzheim','Owner','Mehrheimerstr. 369','Kln',NULL,'50739','Germany','0221-0644327','0221-0765721'),('PARIS','Paris spcialits','Marie Bertrand','Owner','265, boulevard Charonne','Paris',NULL,'75012','France','(1) 42.34.22.66','(1) 42.34.22.77'),('PERIC','Pericles Comidas clsicas','Guillermo Fernndez','Sales Representative','Calle Dr. Jorge Cash 321','Mxico D.F.',NULL,'05033','Mexico','(5) 552-3745','(5) 545-3745'),('PICCO','Piccolo und mehr','Georg Pipps','Sales Manager','Geislweg 14','Salzburg',NULL,'5020','Austria','6562-9722','6562-9723'),('PRINI','Princesa Isabel Vinhos','Isabel de Castro','Sales Representative','Estrada da sade n. 58','Lisboa',NULL,'1756','Portugal','(1) 356-5634',NULL),('QUEDE','Que Delcia','Bernardo Batista','Accounting Manager','Rua da Panificadora, 12','Rio de Janeiro','RJ','02389-673','Brazil','(21) 555-4252','(21) 555-4545'),('QUEEN','Queen Cozinha','Lcia Carvalho','Marketing Assistant','Alameda dos Canrios, 891','Sao Paulo','SP','05487-020','Brazil','(11) 555-1189',NULL),('QUICK','QUICK-Stop','Horst Kloss','Accounting Manager','Taucherstrae 10','Cunewalde',NULL,'01307','Germany','0372-035188',NULL),('RANCH','Rancho grande','Sergio Gutirrez','Sales Representative','Av. del Libertador 900','Buenos Aires',NULL,'1010','Argentina','(1) 123-5555','(1) 123-5556'),('RATTC','Rattlesnake Canyon Grocery','Paula Wilson','Assistant Sales Representative','2817 Milton Dr.','Albuquerque','NM','87110','USA','(505) 555-5939','(505) 555-3620'),('REGGC','Reggiani Caseifici','Maurizio Moroni','Sales Associate','Strada Provinciale 124','Reggio Emilia',NULL,'42100','Italy','0522-556721','0522-556722'),('RICAR','Ricardo Adocicados','Janete Limeira','Assistant Sales Agent','Av. Copacabana, 267','Rio de Janeiro','RJ','02389-890','Brazil','(21) 555-3412',NULL),('RICSU','Richter Supermarkt','Michael Holz','Sales Manager','Grenzacherweg 237','Genve',NULL,'1203','Switzerland','0897-034214',NULL),('ROMEY','Romero y tomillo','Alejandra Camino','Accounting Manager','Gran Va, 1','Madrid',NULL,'28001','Spain','(91) 745 6200','(91) 745 6210'),('SANTG','Sant Gourmet','Jonas Bergulfsen','Owner','Erling Skakkes gate 78','Stavern',NULL,'4110','Norway','07-98 92 35','07-98 92 47'),('SAVEA','Save-a-lot Markets','Jose Pavarotti','Sales Representative','187 Suffolk Ln.','Boise','ID','83720','USA','(208) 555-8097',NULL),('SEVES','Seven Seas Imports','Hari Kumar','Sales Manager','90 Wadhurst Rd.','London',NULL,'OX15 4NB','UK','(171) 555-1717','(171) 555-5646'),('SIMOB','Simons bistro','Jytte Petersen','Owner','Vinbltet 34','Kobenhavn',NULL,'1734','Denmark','31 12 34 56','31 13 35 57'),('SPECD','Spcialits du monde','Dominique Perrier','Marketing Manager','25, rue Lauriston','Paris',NULL,'75016','France','(1) 47.55.60.10','(1) 47.55.60.20'),('SPLIR','Split Rail Beer & Ale','Art Braunschweiger','Sales Manager','P.O. Box 555','Lander','WY','82520','USA','(307) 555-4680','(307) 555-6525'),('SUPRD','Suprmes dlices','Pascale Cartrain','Accounting Manager','Boulevard Tirou, 255','Charleroi',NULL,'B-6000','Belgium','(071) 23 67 22 20','(071) 23 67 22 21'),('Tes5','Company name','Test Contact Name','Mr','This is the test address','Brasov','region','098828','Romania','12134234','23123212'),('Test1','Company name','Test Contact Name','Mr','This is the test address','Brasov','region','098828','Romania','12134234','23123212'),('THEBI','The Big Cheese','Liz Nixon','Marketing Manager','89 Jefferson Way Suite 2','Portland','OR','97201','USA','(503) 555-3612',NULL),('THECR','The Cracker Box','Liu Wong','Marketing Assistant','55 Grizzly Peak Rd.','Butte','MT','59801','USA','(406) 555-5834','(406) 555-8083'),('TOMSP','Toms Spezialitten','Karin Josephs','Marketing Manager','Luisenstr. 48','Mnster',NULL,'44087','Germany','0251-031259','0251-035695'),('TORTU','Tortuga Restaurante','Miguel Angel Paolino','Owner','Avda. Azteca 123','Mxico D.F.',NULL,'05033','Mexico','(5) 555-2933',NULL),('TRADH','Tradio Hipermercados','Anabela Domingues','Sales Representative','Av. Ins de Castro, 414','Sao Paulo','SP','05634-030','Brazil','(11) 555-2167','(11) 555-2168'),('TRAIH','Trail\'s Head Gourmet Provisioners','Helvetius Nagy','Sales Associate','722 DaVinci Blvd.','Kirkland','WA','98034','USA','(206) 555-8257','(206) 555-2174'),('VAFFE','Vaffeljernet','Palle Ibsen','Sales Manager','Smagsloget 45','rhus',NULL,'8200','Denmark','86 21 32 43','86 22 33 44'),('Val2 ','IT','Val2','IT',NULL,'Rome',NULL,NULL,'Italy',NULL,NULL),('VALON','IT','Valon Hoti','IT',NULL,'Rome',NULL,NULL,'Italy',NULL,NULL),('VICTE','Victuailles en stock','Mary Saveley','Sales Agent','2, rue du Commerce','Lyon',NULL,'69004','France','78.32.54.86','78.32.54.87'),('VINET','Vins et alcools Chevalier','Paul Henriot','Accounting Manager','59 rue de l\'Abbaye','Reims',NULL,'51100','France','26.47.15.10','26.47.15.11'),('WANDK','Die Wandernde Kuh','Rita Mller','Sales Representative','Adenauerallee 900','Stuttgart',NULL,'70563','Germany','0711-020361','0711-035428'),('WARTH','Wartian Herkku','Pirkko Koskitalo','Accounting Manager','Torikatu 38','Oulu',NULL,'90110','Finland','981-443655','981-443655'),('WELLI','Wellington Importadora','Paula Parente','Sales Manager','Rua do Mercado, 12','Resende','SP','08737-363','Brazil','(14) 555-8122',NULL),('WHITC','White Clover Markets','Karl Jablonski','Owner','305 - 14th Ave. S. Suite 3B','Seattle','WA','98128','USA','(206) 555-4112','(206) 555-4115'),('WILMK','Wilman Kala','Matti Karttunen','Owner/Marketing Assistant','Keskuskatu 45','Helsinki',NULL,'21240','Finland','90-224 8858','90-224 8858'),('WOLZA','Wolski  Zajazd','Zbyszek Piestrzeniewicz','Owner','ul. Filtrowa 68','Warszawa',NULL,'01-012','Poland','(26) 642-7012','(26) 642-7012');
/*!40000 ALTER TABLE `Customers` ENABLE KEYS */;
UNLOCK TABLES;

--
-- Table structure for table `EmployeeTerritories`
--

DROP TABLE IF EXISTS `EmployeeTerritories`;
/*!40101 SET @saved_cs_client     = @@character_set_client */;
/*!40101 SET character_set_client = utf8 */;
CREATE TABLE `EmployeeTerritories` (
  `EmployeeID` int(11) NOT NULL,
  `TerritoryID` varchar(20) NOT NULL,
  PRIMARY KEY (`EmployeeID`,`TerritoryID`),
  KEY `FK_EmployeeTerritories_Territories` (`TerritoryID`),
  CONSTRAINT `FK_EmployeeTerritories_Employees` FOREIGN KEY (`EmployeeID`) REFERENCES `Employees` (`EmployeeID`),
  CONSTRAINT `FK_EmployeeTerritories_Territories` FOREIGN KEY (`TerritoryID`) REFERENCES `Territories` (`TerritoryID`)
) ENGINE=InnoDB DEFAULT CHARSET=latin1 COLLATE=latin1_swedish_ci;
/*!40101 SET character_set_client = @saved_cs_client */;

--
-- Dumping data for table `EmployeeTerritories`
--

LOCK TABLES `EmployeeTerritories` WRITE;
/*!40000 ALTER TABLE `EmployeeTerritories` DISABLE KEYS */;
INSERT INTO `EmployeeTerritories` VALUES (1,'06897'),(1,'19713'),(2,'01581'),(2,'01730'),(2,'01833'),(2,'02116'),(2,'02139'),(2,'02184'),(2,'40222'),(3,'30346'),(3,'31406'),(3,'32859'),(3,'33607'),(4,'20852'),(4,'27403'),(4,'27511'),(5,'02903'),(5,'07960'),(5,'08837'),(5,'10019'),(5,'10038'),(5,'11747'),(5,'14450'),(6,'85014'),(6,'85251'),(6,'98004'),(6,'98052'),(6,'98104'),(7,'60179'),(7,'60601'),(7,'80202'),(7,'80909'),(7,'90405'),(7,'94025'),(7,'94105'),(7,'95008'),(7,'95054'),(7,'95060'),(8,'19428'),(8,'44122'),(8,'45839'),(8,'53404'),(9,'03049'),(9,'03801'),(9,'48075'),(9,'48084'),(9,'48304'),(9,'55113'),(9,'55439');
/*!40000 ALTER TABLE `EmployeeTerritories` ENABLE KEYS */;
UNLOCK TABLES;

--
-- Table structure for table `Employees`
--

DROP TABLE IF EXISTS `Employees`;
/*!40101 SET @saved_cs_client     = @@character_set_client */;
/*!40101 SET character_set_client = utf8 */;
CREATE TABLE `Employees` (
  `EmployeeID` int(11) NOT NULL AUTO_INCREMENT,
  `LastName` varchar(20) NOT NULL,
  `FirstName` varchar(10) NOT NULL,
  `Title` varchar(30) DEFAULT NULL,
  `TitleOfCourtesy` varchar(25) DEFAULT NULL,
  `BirthDate` datetime DEFAULT NULL,
  `HireDate` datetime DEFAULT NULL,
  `Address` varchar(60) DEFAULT NULL,
  `City` varchar(15) DEFAULT NULL,
  `Region` varchar(15) DEFAULT NULL,
  `PostalCode` varchar(10) DEFAULT NULL,
  `Country` varchar(15) DEFAULT NULL,
  `HomePhone` varchar(24) DEFAULT NULL,
  `Extension` varchar(4) DEFAULT NULL,
  `Notes` mediumtext NOT NULL,
  `ReportsTo` int(11) DEFAULT NULL,
  `PhotoPath` varchar(255) DEFAULT NULL,
  `Salary` float DEFAULT NULL,
  PRIMARY KEY (`EmployeeID`),
  KEY `LastName` (`LastName`),
  KEY `PostalCode` (`PostalCode`),
  KEY `FK_Employees_Employees` (`ReportsTo`),
  CONSTRAINT `FK_Employees_Employees` FOREIGN KEY (`ReportsTo`) REFERENCES `Employees` (`EmployeeID`)
) ENGINE=InnoDB AUTO_INCREMENT=10 DEFAULT CHARSET=latin1 COLLATE=latin1_swedish_ci;
/*!40101 SET character_set_client = @saved_cs_client */;

--
-- Dumping data for table `Employees`
--

LOCK TABLES `Employees` WRITE;
/*!40000 ALTER TABLE `Employees` DISABLE KEYS */;
INSERT INTO `Employees` VALUES (1,'Davolio','Nancy','Sales Representative','Ms.','1948-12-08 00:00:00','1992-05-01 00:00:00','507 - 20th Ave. E.Apt. 2A','Seattle','WA','98122','USA','(206) 555-9857','5467','Education includes a BA in psychology from Colorado State University in 1970.  She also completed \"The Art of the Cold Call.\"  Nancy is a member of Toastmasters International.',2,'http://accweb/emmployees/davolio.bmp',2954.55),(2,'Fuller','Andrew','Vice President, Sales','Dr.','1952-02-19 00:00:00','1992-08-14 00:00:00','908 W. Capital Way','Tacoma','WA','98401','USA','(206) 555-9482','3457','Andrew received his BTS commercial in 1974 and a Ph.D. in international marketing from the University of Dallas in 1981.  He is fluent in French and Italian and reads German.  He joined the company as a sales representative, was promoted to sales manager in January 1992 and to vice president of sales in March 1993.  Andrew is a member of the Sales Management Roundtable, the Seattle Chamber of Commerce, and the Pacific Rim Importers Association.',NULL,'http://accweb/emmployees/fuller.bmp',2254.49),(3,'Leverling','Janet','Sales Representative','Ms.','1963-08-30 00:00:00','1992-04-01 00:00:00','722 Moss Bay Blvd.','Kirkland','WA','98033','USA','(206) 555-3412','3355','Janet has a BS degree in chemistry from Boston College (1984).  She has also completed a certificate program in food retailing management.  Janet was hired as a sales associate in 1991 and promoted to sales representative in February 1992.',2,'http://accweb/emmployees/leverling.bmp',3119.15),(4,'Peacock','Margaret','Sales Representative','Mrs.','1937-09-19 00:00:00','1993-05-03 00:00:00','4110 Old Redmond Rd.','Redmond','WA','98052','USA','(206) 555-8122','5176','Margaret holds a BA in English literature from Concordia College (1958) and an MA from the American Institute of Culinary Arts (1966).  She was assigned to the London office temporarily from July through November 1992.',2,'http://accweb/emmployees/peacock.bmp',1861.08),(5,'Buchanan','Steven','Sales Manager','Mr.','1955-03-04 00:00:00','1993-10-17 00:00:00','14 Garrett Hill','London',NULL,'SW1 8JR','UK','(71) 555-4848','3453','Steven Buchanan graduated from St. Andrews University, Scotland, with a BSC degree in 1976.  Upon joining the company as a sales representative in 1992, he spent 6 months in an orientation program at the Seattle office and then returned to his permanent post in London.  He was promoted to sales manager in March 1993.  Mr. Buchanan has completed the courses \"Successful Telemarketing\" and \"International Sales Management.\"  He is fluent in French.',2,'http://accweb/emmployees/buchanan.bmp',1744.21),(6,'Suyama','Michael','Sales Representative','Mr.','1963-07-02 00:00:00','1993-10-17 00:00:00','Coventry House\nMiner Rd.','London',NULL,'EC2 7JR','UK','(71) 555-7773','428','Michael is a graduate of Sussex University (MA, economics, 1983) and the University of California at Los Angeles (MBA, marketing, 1986).  He has also taken the courses \"Multi-Cultural Selling\" and \"Time Management for the Sales Professional.\"  He is fluent in Japanese and can read and write French, Portuguese, and Spanish.',5,'http://accweb/emmployees/davolio.bmp',2004.07),(7,'King','Robert','Sales Representative','Mr.','1960-05-29 00:00:00','1994-01-02 00:00:00','Edgeham Hollow\nWinchester Way','London',NULL,'RG1 9SP','UK','(71) 555-5598','465','Robert King served in the Peace Corps and traveled extensively before completing his degree in English at the University of Michigan in 1992, the year he joined the company.  After completing a course entitled \"Selling in Europe,\" he was transferred to the London office in March 1993.',5,'http://accweb/emmployees/davolio.bmp',1991.55),(8,'Callahan','Laura','Inside Sales Coordinator','Ms.','1958-01-09 00:00:00','1994-03-05 00:00:00','4726 - 11th Ave. N.E.','Seattle','WA','98105','USA','(206) 555-1189','2344','Laura received a BA in psychology from the University of Washington.  She has also completed a course in business French.  She reads and writes French.',2,'http://accweb/emmployees/davolio.bmp',2100.5),(9,'Dodsworth','Anne','Sales Representative','Ms.','1966-01-27 00:00:00','1994-11-15 00:00:00','7 Houndstooth Rd.','London',NULL,'WG2 7LT','UK','(71) 555-4444','452','Anne has a BA degree in English from St. Lawrence College.  She is fluent in French and German.',5,'http://accweb/emmployees/davolio.bmp',2333.33);
/*!40000 ALTER TABLE `Employees` ENABLE KEYS */;
UNLOCK TABLES;

--
-- Table structure for table `Orders`
--

DROP TABLE IF EXISTS `Orders`;
/*!40101 SET @saved_cs_client     = @@character_set_client */;
/*!40101 SET character_set_client = utf8 */;
CREATE TABLE `Orders` (
  `OrderID` int(11) NOT NULL AUTO_INCREMENT,
  `CustomerID` varchar(5) CHARACTER SET latin1 COLLATE latin1_swedish_ci NOT NULL,
  `EmployeeID` int(11) NOT NULL,
  `OrderDate` datetime NOT NULL DEFAULT current_timestamp(),
  `RequiredDate` datetime DEFAULT NULL,
  `ShippedDate` datetime DEFAULT NULL,
  `ShipVia` int(11) DEFAULT NULL,
  `Freight` decimal(10,4) DEFAULT 0.0000,
  `ShipName` varchar(40) CHARACTER SET latin1 COLLATE latin1_swedish_ci DEFAULT NULL,
  `ShipAddress` varchar(60) CHARACTER SET latin1 COLLATE latin1_swedish_ci DEFAULT NULL,
  `ShipCity` varchar(15) CHARACTER SET latin1 COLLATE latin1_swedish_ci DEFAULT NULL,
  `ShipRegion` varchar(15) CHARACTER SET latin1 COLLATE latin1_swedish_ci DEFAULT NULL,
  `ShipPostalCode` varchar(10) CHARACTER SET latin1 COLLATE latin1_swedish_ci DEFAULT NULL,
  `ShipCountry` varchar(15) CHARACTER SET latin1 COLLATE latin1_swedish_ci DEFAULT NULL,
  PRIMARY KEY (`OrderID`),
  KEY `OrderDate` (`OrderDate`),
  KEY `ShippedDate` (`ShippedDate`),
  KEY `ShipPostalCode` (`ShipPostalCode`),
  KEY `FK_Orders_Customers` (`CustomerID`),
  KEY `FK_Orders_Employees` (`EmployeeID`),
  KEY `FK_Orders_Shippers` (`ShipVia`),
  CONSTRAINT `FK_Orders_Customers` FOREIGN KEY (`CustomerID`) REFERENCES `Customers` (`CustomerID`),
  CONSTRAINT `FK_Orders_Employees` FOREIGN KEY (`EmployeeID`) REFERENCES `Employees` (`EmployeeID`),
  CONSTRAINT `FK_Orders_Shippers` FOREIGN KEY (`ShipVia`) REFERENCES `Shippers` (`ShipperID`)
) ENGINE=InnoDB AUTO_INCREMENT=112244 DEFAULT CHARSET=utf8mb4 COLLATE=utf8mb4_general_ci;
/*!40101 SET character_set_client = @saved_cs_client */;

--
-- Dumping data for table `Orders`
--

LOCK TABLES `Orders` WRITE;
/*!40000 ALTER TABLE `Orders` DISABLE KEYS */;
INSERT INTO `Orders` VALUES (10248,'VINET',5,'1996-07-04 00:00:00','1996-08-01 00:00:00','1996-07-16 00:00:00',3,32.3800,'Vins et alcools Chevalier','59 rue de l-Abbaye','Reims',NULL,'51100','France'),(10249,'TOMSP',6,'1996-07-05 00:00:00','1996-08-16 00:00:00','1996-07-10 00:00:00',1,11.6100,'Toms Spezialitten','Luisenstr. 48','Mnster',NULL,'44087','Germany'),(10250,'HANAR',4,'1996-07-08 00:00:00','1996-08-05 00:00:00','1996-07-12 00:00:00',2,65.8300,'Hanari Carnes','Rua do Pao, 67','Rio de Janeiro','RJ','05454-876','Brazil'),(10251,'VICTE',3,'1996-07-08 00:00:00','1996-08-05 00:00:00','1996-07-15 00:00:00',1,41.3400,'Victuailles en stock','2, rue du Commerce','Lyon',NULL,'69004','France'),(10252,'SUPRD',4,'1996-07-09 00:00:00','1996-08-06 00:00:00','1996-07-11 00:00:00',2,51.3000,'Suprmes dlices','Boulevard Tirou, 255','Charleroi',NULL,'B-6000','Belgium'),(10253,'HANAR',3,'1996-07-10 00:00:00','1996-07-24 00:00:00','1996-07-16 00:00:00',2,58.1700,'Hanari Carnes','Rua do Pao, 67','Rio de Janeiro','RJ','05454-876','Brazil'),(10254,'CHOPS',5,'1996-07-11 00:00:00','1996-08-08 00:00:00','1996-07-23 00:00:00',2,22.9800,'Chop-suey Chinese','Hauptstr. 31','Bern',NULL,'3012','Switzerland'),(10255,'RICSU',9,'1996-07-12 00:00:00','1996-08-09 00:00:00','1996-07-15 00:00:00',3,148.3300,'Richter Supermarkt','Starenweg 5','Genve',NULL,'1204','Switzerland'),(10256,'WELLI',3,'1996-07-15 00:00:00','1996-08-12 00:00:00','1996-07-17 00:00:00',2,13.9700,'Wellington Importadora','Rua do Mercado, 12','Resende','SP','08737-363','Brazil'),(10257,'HILAA',4,'1996-07-16 00:00:00','1996-08-13 00:00:00','1996-07-22 00:00:00',3,81.9100,'HILARION-Abastos','Carrera 22 con Ave. Carlos Soublette #8-35','San Cristbal','Tchira','5022','Venezuela'),(10258,'ERNSH',1,'1996-07-17 00:00:00','1996-08-14 00:00:00','1996-07-23 00:00:00',1,140.5100,'Ernst Handel','Kirchgasse 6','Graz',NULL,'8010','Austria'),(10259,'CENTC',4,'1996-07-18 00:00:00','1996-08-15 00:00:00','1996-07-25 00:00:00',3,3.2500,'Centro comercial Moctezuma','Sierras de Granada 9993','Mxico D.F.',NULL,'5022','Mexico'),(10260,'OTTIK',4,'1996-07-19 00:00:00','1996-08-16 00:00:00','1996-07-29 00:00:00',1,55.0900,'Ottilies Kseladen','Mehrheimerstr. 369','Kln',NULL,'50739','Germany'),(10261,'QUEDE',4,'1996-07-19 00:00:00','1996-08-16 00:00:00','1996-07-30 00:00:00',2,3.0500,'Que Delcia','Rua da Panificadora, 12','Rio de Janeiro','RJ','02389-673','Brazil'),(10262,'RATTC',8,'1996-07-22 00:00:00','1996-08-19 00:00:00','1996-07-25 00:00:00',3,48.2900,'Rattlesnake Canyon Grocery','2817 Milton Dr.','Albuquerque','NM','87110','USA'),(10263,'ERNSH',9,'1996-07-23 00:00:00','1996-08-20 00:00:00','1996-07-31 00:00:00',3,146.0600,'Ernst Handel','Kirchgasse 6','Graz',NULL,'8010','Austria'),(10264,'FOLKO',6,'1996-07-24 00:00:00','1996-08-21 00:00:00','1996-08-23 00:00:00',3,3.6700,'Folk och f HB','kergatan 24','Brcke',NULL,'S-844 67','Sweden'),(10265,'BLONP',2,'1996-07-25 00:00:00','1996-08-22 00:00:00','1996-08-12 00:00:00',1,55.2800,'Blondel pre et fils','24, place Klber','Strasbourg',NULL,'67000','France'),(10266,'WARTH',3,'1996-07-26 00:00:00','1996-09-06 00:00:00','1996-07-31 00:00:00',3,25.7300,'Wartian Herkku','Torikatu 38','Oulu',NULL,'90110','Finland'),(10267,'FRANK',4,'1996-07-29 00:00:00','1996-08-26 00:00:00','1996-08-06 00:00:00',1,208.5800,'Frankenversand','Berliner Platz 43','Mnchen',NULL,'80805','Germany'),(10268,'GROSR',8,'1996-07-30 00:00:00','1996-08-27 00:00:00','1996-08-02 00:00:00',3,66.2900,'GROSELLA-Restaurante','5 Ave. Los Palos Grandes','Caracas','DF','1081','Venezuela'),(10269,'WHITC',5,'1996-07-31 00:00:00','1996-08-14 00:00:00','1996-08-09 00:00:00',1,4.5600,'White Clover Markets','1029 - 12th Ave. S.','Seattle','WA','98124','USA'),(10270,'WARTH',1,'1996-08-01 00:00:00','1996-08-29 00:00:00','1996-08-02 00:00:00',1,136.5400,'Wartian Herkku','Torikatu 38','Oulu',NULL,'90110','Finland'),(10271,'SPLIR',6,'1996-08-01 00:00:00','1996-08-29 00:00:00','1996-08-30 00:00:00',2,4.5400,'Split Rail Beer & Ale','P.O. Box 555','Lander','WY','82520','USA'),(10272,'RATTC',6,'1996-08-02 00:00:00','1996-08-30 00:00:00','1996-08-06 00:00:00',2,98.0300,'Rattlesnake Canyon Grocery','2817 Milton Dr.','Albuquerque','NM','87110','USA'),(10273,'QUICK',3,'1996-08-05 00:00:00','1996-09-02 00:00:00','1996-08-12 00:00:00',3,76.0700,'QUICK-Stop','Taucherstrae 10','Cunewalde',NULL,'1307','Germany'),(10274,'VINET',6,'1996-08-06 00:00:00','1996-09-03 00:00:00','1996-08-16 00:00:00',1,6.0100,'Vins et alcools Chevalier','59 rue de l-Abbaye','Reims',NULL,'51100','France'),(10275,'MAGAA',1,'1996-08-07 00:00:00','1996-09-04 00:00:00','1996-08-09 00:00:00',1,26.9300,'Magazzini Alimentari Riuniti','Via Ludovico il Moro 22','Bergamo',NULL,'24100','Italy'),(10276,'TORTU',8,'1996-08-08 00:00:00','1996-08-22 00:00:00','1996-08-14 00:00:00',3,13.8400,'Tortuga Restaurante','Avda. Azteca 123','Mxico D.F.',NULL,'5033','Mexico'),(10277,'MORGK',2,'1996-08-09 00:00:00','1996-09-06 00:00:00','1996-08-13 00:00:00',3,125.7700,'Morgenstern Gesundkost','Heerstr. 22','Leipzig',NULL,'4179','Germany'),(10278,'BERGS',8,'1996-08-12 00:00:00','1996-09-09 00:00:00','1996-08-16 00:00:00',2,92.6900,'Berglunds snabbkp','Berguvsvgen 8','Lule',NULL,'S-958 22','Sweden'),(10279,'LEHMS',8,'1996-08-13 00:00:00','1996-09-10 00:00:00','1996-08-16 00:00:00',2,25.8300,'Lehmanns Marktstand','Magazinweg 7','Frankfurt a.M.',NULL,'60528','Germany'),(10280,'BERGS',2,'1996-08-14 00:00:00','1996-09-11 00:00:00','1996-09-12 00:00:00',1,8.9800,'Berglunds snabbkp','Berguvsvgen 8','Lule',NULL,'S-958 22','Sweden'),(10281,'ROMEY',4,'1996-08-14 00:00:00','1996-08-28 00:00:00','1996-08-21 00:00:00',1,2.9400,'Romero y tomillo','Gran Va, 1','Madrid',NULL,'28001','Spain'),(10282,'ROMEY',4,'1996-08-15 00:00:00','1996-09-12 00:00:00','1996-08-21 00:00:00',1,12.6900,'Romero y tomillo','Gran Va, 1','Madrid',NULL,'28001','Spain'),(10283,'LILAS',3,'1996-08-16 00:00:00','1996-09-13 00:00:00','1996-08-23 00:00:00',3,84.8100,'LILA-Supermercado','Carrera 52 con Ave. Bolvar #65-98 Llano Largo','Barquisimeto','Lara','3508','Venezuela'),(10284,'LEHMS',4,'1996-08-19 00:00:00','1996-09-16 00:00:00','1996-08-27 00:00:00',1,76.5600,'Lehmanns Marktstand','Magazinweg 7','Frankfurt a.M.',NULL,'60528','Germany'),(10285,'QUICK',1,'1996-08-20 00:00:00','1996-09-17 00:00:00','1996-08-26 00:00:00',2,76.8300,'QUICK-Stop','Taucherstrae 10','Cunewalde',NULL,'1307','Germany'),(10286,'QUICK',8,'1996-08-21 00:00:00','1996-09-18 00:00:00','1996-08-30 00:00:00',3,229.2400,'QUICK-Stop','Taucherstrae 10','Cunewalde',NULL,'1307','Germany'),(10287,'RICAR',8,'1996-08-22 00:00:00','1996-09-19 00:00:00','1996-08-28 00:00:00',3,12.7600,'Ricardo Adocicados','Av. Copacabana, 267','Rio de Janeiro','RJ','02389-890','Brazil'),(10288,'REGGC',4,'1996-08-23 00:00:00','1996-09-20 00:00:00','1996-09-03 00:00:00',1,7.4500,'Reggiani Caseifici','Strada Provinciale 124','Reggio Emilia',NULL,'42100','Italy'),(10289,'BSBEV',7,'1996-08-26 00:00:00','1996-09-23 00:00:00','1996-08-28 00:00:00',3,22.7700,'B-s Beverages','Fauntleroy Circus','London',NULL,'EC2 5NT','UK'),(10290,'COMMI',8,'1996-08-27 00:00:00','1996-09-24 00:00:00','1996-09-03 00:00:00',1,79.7000,'Comrcio Mineiro','Av. dos Lusadas, 23','Sao Paulo','SP','05432-043','Brazil'),(10291,'QUEDE',6,'1996-08-27 00:00:00','1996-09-24 00:00:00','1996-09-04 00:00:00',2,6.4000,'Que Delcia','Rua da Panificadora, 12','Rio de Janeiro','RJ','02389-673','Brazil'),(10292,'TRADH',1,'1996-08-28 00:00:00','1996-09-25 00:00:00','1996-09-02 00:00:00',2,1.3500,'Tradiao Hipermercados','Av. Ins de Castro, 414','Sao Paulo','SP','05634-030','Brazil'),(10293,'TORTU',1,'1996-08-29 00:00:00','1996-09-26 00:00:00','1996-09-11 00:00:00',3,21.1800,'Tortuga Restaurante','Avda. Azteca 123','Mxico D.F.',NULL,'5033','Mexico'),(10294,'RATTC',4,'1996-08-30 00:00:00','1996-09-27 00:00:00','1996-09-05 00:00:00',2,147.2600,'Rattlesnake Canyon Grocery','2817 Milton Dr.','Albuquerque','NM','87110','USA'),(10295,'VINET',2,'1996-09-02 00:00:00','1996-09-30 00:00:00','1996-09-10 00:00:00',2,1.1500,'Vins et alcools Chevalier','59 rue de l-Abbaye','Reims',NULL,'51100','France'),(10296,'LILAS',6,'1996-09-03 00:00:00','1996-10-01 00:00:00','1996-09-11 00:00:00',1,0.1200,'LILA-Supermercado','Carrera 52 con Ave. Bolvar #65-98 Llano Largo','Barquisimeto','Lara','3508','Venezuela'),(10297,'BLONP',5,'1996-09-04 00:00:00','1996-10-16 00:00:00','1996-09-10 00:00:00',2,5.7400,'Blondel pre et fils','24, place Klber','Strasbourg',NULL,'67000','France'),(10298,'HUNGO',6,'1996-09-05 00:00:00','1996-10-03 00:00:00','1996-09-11 00:00:00',2,168.2200,'Hungry Owl All-Night Grocers','8 Johnstown Road','Cork','Co. Cork',NULL,'Ireland'),(10299,'RICAR',4,'1996-09-06 00:00:00','1996-10-04 00:00:00','1996-09-13 00:00:00',2,29.7600,'Ricardo Adocicados','Av. Copacabana, 267','Rio de Janeiro','RJ','02389-890','Brazil'),(10300,'MAGAA',2,'1996-09-09 00:00:00','1996-10-07 00:00:00','1996-09-18 00:00:00',2,17.6800,'Magazzini Alimentari Riuniti','Via Ludovico il Moro 22','Bergamo',NULL,'24100','Italy'),(10301,'WANDK',8,'1996-09-09 00:00:00','1996-10-07 00:00:00','1996-09-17 00:00:00',2,45.0800,'Die Wandernde Kuh','Adenauerallee 900','Stuttgart',NULL,'70563','Germany'),(10302,'SUPRD',4,'1996-09-10 00:00:00','1996-10-08 00:00:00','1996-10-09 00:00:00',2,6.2700,'Suprmes dlices','Boulevard Tirou, 255','Charleroi',NULL,'B-6000','Belgium'),(10303,'GODOS',7,'1996-09-11 00:00:00','1996-10-09 00:00:00','1996-09-18 00:00:00',2,107.8300,'Godos Cocina Tpica','C/ Romero, 33','Sevilla',NULL,'41101','Spain'),(10304,'TORTU',1,'1996-09-12 00:00:00','1996-10-10 00:00:00','1996-09-17 00:00:00',2,63.7900,'Tortuga Restaurante','Avda. Azteca 123','Mxico D.F.',NULL,'5033','Mexico'),(10305,'OLDWO',8,'1996-09-13 00:00:00','1996-10-11 00:00:00','1996-10-09 00:00:00',3,257.6200,'Old World Delicatessen','2743 Bering St.','Anchorage','AK','99508','USA'),(10306,'ROMEY',1,'1996-09-16 00:00:00','1996-10-14 00:00:00','1996-09-23 00:00:00',3,7.5600,'Romero y tomillo','Gran Va, 1','Madrid',NULL,'28001','Spain'),(10307,'LONEP',2,'1996-09-17 00:00:00','1996-10-15 00:00:00','1996-09-25 00:00:00',2,0.5600,'Lonesome Pine Restaurant','89 Chiaroscuro Rd.','Portland','OR','97219','USA'),(10308,'ANATR',7,'1996-09-18 00:00:00','1996-10-16 00:00:00','1996-09-24 00:00:00',3,1.6100,'Ana Trujillo Emparedados y helados','Avda. de la Constitucin 2222','Mxico D.F.',NULL,'5021','Mexico'),(10309,'HUNGO',3,'1996-09-19 00:00:00','1996-10-17 00:00:00','1996-10-23 00:00:00',1,47.3000,'Hungry Owl All-Night Grocers','8 Johnstown Road','Cork','Co. Cork',NULL,'Ireland'),(10310,'THEBI',8,'1996-09-20 00:00:00','1996-10-18 00:00:00','1996-09-27 00:00:00',2,17.5200,'The Big Cheese','89 Jefferson Way Suite 2','Portland','OR','97201','USA'),(10311,'DUMON',1,'1996-09-20 00:00:00','1996-10-04 00:00:00','1996-09-26 00:00:00',3,24.6900,'Du monde entier','67, rue des Cinquante Otages','Nantes',NULL,'44000','France'),(10312,'WANDK',2,'1996-09-23 00:00:00','1996-10-21 00:00:00','1996-10-03 00:00:00',2,40.2600,'Die Wandernde Kuh','Adenauerallee 900','Stuttgart',NULL,'70563','Germany'),(10313,'QUICK',2,'1996-09-24 00:00:00','1996-10-22 00:00:00','1996-10-04 00:00:00',2,1.9600,'QUICK-Stop','Taucherstrae 10','Cunewalde',NULL,'1307','Germany'),(10314,'RATTC',1,'1996-09-25 00:00:00','1996-10-23 00:00:00','1996-10-04 00:00:00',2,74.1600,'Rattlesnake Canyon Grocery','2817 Milton Dr.','Albuquerque','NM','87110','USA'),(10315,'ISLAT',4,'1996-09-26 00:00:00','1996-10-24 00:00:00','1996-10-03 00:00:00',2,41.7600,'Island Trading','Garden House Crowther Way','Cowes','Isle of Wight','PO31 7PJ','UK'),(10316,'RATTC',1,'1996-09-27 00:00:00','1996-10-25 00:00:00','1996-10-08 00:00:00',3,150.1500,'Rattlesnake Canyon Grocery','2817 Milton Dr.','Albuquerque','NM','87110','USA'),(10317,'LONEP',6,'1996-09-30 00:00:00','1996-10-28 00:00:00','1996-10-10 00:00:00',1,12.6900,'Lonesome Pine Restaurant','89 Chiaroscuro Rd.','Portland','OR','97219','USA'),(10318,'ISLAT',8,'1996-10-01 00:00:00','1996-10-29 00:00:00','1996-10-04 00:00:00',2,4.7300,'Island Trading','Garden House Crowther Way','Cowes','Isle of Wight','PO31 7PJ','UK'),(10319,'TORTU',7,'1996-10-02 00:00:00','1996-10-30 00:00:00','1996-10-11 00:00:00',3,64.5000,'Tortuga Restaurante','Avda. Azteca 123','Mxico D.F.',NULL,'5033','Mexico'),(10320,'WARTH',5,'1996-10-03 00:00:00','1996-10-17 00:00:00','1996-10-18 00:00:00',3,34.5700,'Wartian Herkku','Torikatu 38','Oulu',NULL,'90110','Finland'),(10321,'ISLAT',3,'1996-10-03 00:00:00','1996-10-31 00:00:00','1996-10-11 00:00:00',2,3.4300,'Island Trading','Garden House Crowther Way','Cowes','Isle of Wight','PO31 7PJ','UK'),(10322,'PERIC',7,'1996-10-04 00:00:00','1996-11-01 00:00:00','1996-10-23 00:00:00',3,0.4000,'Pericles Comidas clsicas','Calle Dr. Jorge Cash 321','Mxico D.F.',NULL,'5033','Mexico'),(10323,'KOENE',4,'1996-10-07 00:00:00','1996-11-04 00:00:00','1996-10-14 00:00:00',1,4.8800,'Kniglich Essen','Maubelstr. 90','Brandenburg',NULL,'14776','Germany'),(10324,'SAVEA',9,'1996-10-08 00:00:00','1996-11-05 00:00:00','1996-10-10 00:00:00',1,214.2700,'Save-a-lot Markets','187 Suffolk Ln.','Boise','ID','83720','USA'),(10325,'KOENE',1,'1996-10-09 00:00:00','1996-10-23 00:00:00','1996-10-14 00:00:00',3,64.8600,'Kniglich Essen','Maubelstr. 90','Brandenburg',NULL,'14776','Germany'),(10326,'BOLID',4,'1996-10-10 00:00:00','1996-11-07 00:00:00','1996-10-14 00:00:00',2,77.9200,'Blido Comidas preparadas','C/ Araquil, 67','Madrid',NULL,'28023','Spain'),(10327,'FOLKO',2,'1996-10-11 00:00:00','1996-11-08 00:00:00','1996-10-14 00:00:00',1,63.3600,'Folk och f HB','kergatan 24','Brcke',NULL,'S-844 67','Sweden'),(10328,'FURIB',4,'1996-10-14 00:00:00','1996-11-11 00:00:00','1996-10-17 00:00:00',3,87.0300,'Furia Bacalhau e Frutos do Mar','Jardim das rosas n. 32','Lisboa',NULL,'1675','Portugal'),(10329,'SPLIR',4,'1996-10-15 00:00:00','1996-11-26 00:00:00','1996-10-23 00:00:00',2,191.6700,'Split Rail Beer & Ale','P.O. Box 555','Lander','WY','82520','USA'),(10330,'LILAS',3,'1996-10-16 00:00:00','1996-11-13 00:00:00','1996-10-28 00:00:00',1,12.7500,'LILA-Supermercado','Carrera 52 con Ave. Bolvar #65-98 Llano Largo','Barquisimeto','Lara','3508','Venezuela'),(10331,'BONAP',9,'1996-10-16 00:00:00','1996-11-27 00:00:00','1996-10-21 00:00:00',1,10.1900,'Bon app-','12, rue des Bouchers','Marseille',NULL,'13008','France'),(10332,'MEREP',3,'1996-10-17 00:00:00','1996-11-28 00:00:00','1996-10-21 00:00:00',2,52.8400,'Mre Paillarde','43 rue St. Laurent','Montral','Qubec','H1J 1C3','Canada'),(10333,'WARTH',5,'1996-10-18 00:00:00','1996-11-15 00:00:00','1996-10-25 00:00:00',3,0.5900,'Wartian Herkku','Torikatu 38','Oulu',NULL,'90110','Finland'),(10334,'VICTE',8,'1996-10-21 00:00:00','1996-11-18 00:00:00','1996-10-28 00:00:00',2,8.5600,'Victuailles en stock','2, rue du Commerce','Lyon',NULL,'69004','France'),(10335,'HUNGO',7,'1996-10-22 00:00:00','1996-11-19 00:00:00','1996-10-24 00:00:00',2,42.1100,'Hungry Owl All-Night Grocers','8 Johnstown Road','Cork','Co. Cork',NULL,'Ireland'),(10336,'PRINI',7,'1996-10-23 00:00:00','1996-11-20 00:00:00','1996-10-25 00:00:00',2,15.5100,'Princesa Isabel Vinhos','Estrada da sade n. 58','Lisboa',NULL,'1756','Portugal'),(10337,'FRANK',4,'1996-10-24 00:00:00','1996-11-21 00:00:00','1996-10-29 00:00:00',3,108.2600,'Frankenversand','Berliner Platz 43','Mnchen',NULL,'80805','Germany'),(10338,'OLDWO',4,'1996-10-25 00:00:00','1996-11-22 00:00:00','1996-10-29 00:00:00',3,84.2100,'Old World Delicatessen','2743 Bering St.','Anchorage','AK','99508','USA'),(10339,'MEREP',2,'1996-10-28 00:00:00','1996-11-25 00:00:00','1996-11-04 00:00:00',2,15.6600,'Mre Paillarde','43 rue St. Laurent','Montral','Qubec','H1J 1C3','Canada'),(10340,'BONAP',1,'1996-10-29 00:00:00','1996-11-26 00:00:00','1996-11-08 00:00:00',3,166.3100,'Bon app-','12, rue des Bouchers','Marseille',NULL,'13008','France'),(10341,'SIMOB',7,'1996-10-29 00:00:00','1996-11-26 00:00:00','1996-11-05 00:00:00',3,26.7800,'Simons bistro','Vinbltet 34','Kobenhavn',NULL,'1734','Denmark'),(10342,'FRANK',4,'1996-10-30 00:00:00','1996-11-13 00:00:00','1996-11-04 00:00:00',2,54.8300,'Frankenversand','Berliner Platz 43','Mnchen',NULL,'80805','Germany'),(10343,'LEHMS',4,'1996-10-31 00:00:00','1996-11-28 00:00:00','1996-11-06 00:00:00',1,110.3700,'Lehmanns Marktstand','Magazinweg 7','Frankfurt a.M.',NULL,'60528','Germany'),(10344,'WHITC',4,'1996-11-01 00:00:00','1996-11-29 00:00:00','1996-11-05 00:00:00',2,23.2900,'White Clover Markets','1029 - 12th Ave. S.','Seattle','WA','98124','USA'),(10345,'QUICK',2,'1996-11-04 00:00:00','1996-12-02 00:00:00','1996-11-11 00:00:00',2,249.0600,'QUICK-Stop','Taucherstrae 10','Cunewalde',NULL,'1307','Germany'),(10346,'RATTC',3,'1996-11-05 00:00:00','1996-12-17 00:00:00','1996-11-08 00:00:00',3,142.0800,'Rattlesnake Canyon Grocery','2817 Milton Dr.','Albuquerque','NM','87110','USA'),(10347,'FAMIA',4,'1996-11-06 00:00:00','1996-12-04 00:00:00','1996-11-08 00:00:00',3,3.1000,'Familia Arquibaldo','Rua Ors, 92','Sao Paulo','SP','05442-030','Brazil'),(10348,'WANDK',4,'1996-11-07 00:00:00','1996-12-05 00:00:00','1996-11-15 00:00:00',2,0.7800,'Die Wandernde Kuh','Adenauerallee 900','Stuttgart',NULL,'70563','Germany'),(10349,'SPLIR',7,'1996-11-08 00:00:00','1996-12-06 00:00:00','1996-11-15 00:00:00',1,8.6300,'Split Rail Beer & Ale','P.O. Box 555','Lander','WY','82520','USA'),(10350,'LAMAI',6,'1996-11-11 00:00:00','1996-12-09 00:00:00','1996-12-03 00:00:00',2,64.1900,'La maison d-Asie','1 rue Alsace-Lorraine','Toulouse',NULL,'31000','France'),(10351,'ERNSH',1,'1996-11-11 00:00:00','1996-12-09 00:00:00','1996-11-20 00:00:00',1,162.3300,'Ernst Handel','Kirchgasse 6','Graz',NULL,'8010','Austria'),(10352,'FURIB',3,'1996-11-12 00:00:00','1996-11-26 00:00:00','1996-11-18 00:00:00',3,1.3000,'Furia Bacalhau e Frutos do Mar','Jardim das rosas n. 32','Lisboa',NULL,'1675','Portugal'),(10353,'PICCO',7,'1996-11-13 00:00:00','1996-12-11 00:00:00','1996-11-25 00:00:00',3,360.6300,'Piccolo und mehr','Geislweg 14','Salzburg',NULL,'5020','Austria'),(10354,'PERIC',8,'1996-11-14 00:00:00','1996-12-12 00:00:00','1996-11-20 00:00:00',3,53.8000,'Pericles Comidas clsicas','Calle Dr. Jorge Cash 321','Mxico D.F.',NULL,'5033','Mexico'),(10355,'AROUT',6,'1996-11-15 00:00:00','1996-12-13 00:00:00','1996-11-20 00:00:00',1,41.9500,'Around the Horn','Brook Farm Stratford St. Mary','Colchester','Essex','CO7 6JX','UK'),(10356,'WANDK',6,'1996-11-18 00:00:00','1996-12-16 00:00:00','1996-11-27 00:00:00',2,36.7100,'Die Wandernde Kuh','Adenauerallee 900','Stuttgart',NULL,'70563','Germany'),(10357,'LILAS',1,'1996-11-19 00:00:00','1996-12-17 00:00:00','1996-12-02 00:00:00',3,34.8800,'LILA-Supermercado','Carrera 52 con Ave. Bolvar #65-98 Llano Largo','Barquisimeto','Lara','3508','Venezuela'),(10358,'LAMAI',5,'1996-11-20 00:00:00','1996-12-18 00:00:00','1996-11-27 00:00:00',1,19.6400,'La maison d-Asie','1 rue Alsace-Lorraine','Toulouse',NULL,'31000','France'),(10359,'SEVES',5,'1996-11-21 00:00:00','1996-12-19 00:00:00','1996-11-26 00:00:00',3,288.4300,'Seven Seas Imports','90 Wadhurst Rd.','London',NULL,'OX15 4NB','UK'),(10360,'BLONP',4,'1996-11-22 00:00:00','1996-12-20 00:00:00','1996-12-02 00:00:00',3,131.7000,'Blondel pre et fils','24, place Klber','Strasbourg',NULL,'67000','France'),(10361,'QUICK',1,'1996-11-22 00:00:00','1996-12-20 00:00:00','1996-12-03 00:00:00',2,183.1700,'QUICK-Stop','Taucherstrae 10','Cunewalde',NULL,'1307','Germany'),(10362,'BONAP',3,'1996-11-25 00:00:00','1996-12-23 00:00:00','1996-11-28 00:00:00',1,96.0400,'Bon app-','12, rue des Bouchers','Marseille',NULL,'13008','France'),(10363,'DRACD',4,'1996-11-26 00:00:00','1996-12-24 00:00:00','1996-12-04 00:00:00',3,30.5400,'Drachenblut Delikatessen','Walserweg 21','Aachen',NULL,'52066','Germany'),(10364,'EASTC',1,'1996-11-26 00:00:00','1997-01-07 00:00:00','1996-12-04 00:00:00',1,71.9700,'Eastern Connection','35 King George','London',NULL,'WX3 6FW','UK'),(10365,'ANTON',3,'1996-11-27 00:00:00','1996-12-25 00:00:00','1996-12-02 00:00:00',2,22.0000,'Antonio Moreno Taquera','Mataderos 2312','Mxico D.F.',NULL,'5023','Mexico'),(10366,'GALED',8,'1996-11-28 00:00:00','1997-01-09 00:00:00','1996-12-30 00:00:00',2,10.1400,'Galera del gastronmo','Rambla de Catalua, 23','Barcelona',NULL,'8022','Spain'),(10367,'VAFFE',7,'1996-11-28 00:00:00','1996-12-26 00:00:00','1996-12-02 00:00:00',3,13.5500,'Vaffeljernet','Smagsloget 45','rhus',NULL,'8200','Denmark'),(10368,'ERNSH',2,'1996-11-29 00:00:00','1996-12-27 00:00:00','1996-12-02 00:00:00',2,101.9500,'Ernst Handel','Kirchgasse 6','Graz',NULL,'8010','Austria'),(10369,'SPLIR',8,'1996-12-02 00:00:00','1996-12-30 00:00:00','1996-12-09 00:00:00',2,195.6800,'Split Rail Beer & Ale','P.O. Box 555','Lander','WY','82520','USA'),(10370,'CHOPS',6,'1996-12-03 00:00:00','1996-12-31 00:00:00','1996-12-27 00:00:00',2,1.1700,'Chop-suey Chinese','Hauptstr. 31','Bern',NULL,'3012','Switzerland'),(10371,'LAMAI',1,'1996-12-03 00:00:00','1996-12-31 00:00:00','1996-12-24 00:00:00',1,0.4500,'La maison d-Asie','1 rue Alsace-Lorraine','Toulouse',NULL,'31000','France'),(10372,'QUEEN',5,'1996-12-04 00:00:00','1997-01-01 00:00:00','1996-12-09 00:00:00',2,890.7800,'Queen Cozinha','Alameda dos Canrios, 891','Sao Paulo','SP','05487-020','Brazil'),(10373,'HUNGO',4,'1996-12-05 00:00:00','1997-01-02 00:00:00','1996-12-11 00:00:00',3,124.1200,'Hungry Owl All-Night Grocers','8 Johnstown Road','Cork','Co. Cork',NULL,'Ireland'),(10374,'WOLZA',1,'1996-12-05 00:00:00','1997-01-02 00:00:00','1996-12-09 00:00:00',3,3.9400,'Wolski Zajazd','ul. Filtrowa 68','Warszawa',NULL,'01-012','Poland'),(10375,'HUNGC',3,'1996-12-06 00:00:00','1997-01-03 00:00:00','1996-12-09 00:00:00',2,20.1200,'Hungry Coyote Import Store','City Center Plaza 516 Main St.','Elgin','OR','97827','USA'),(10376,'MEREP',1,'1996-12-09 00:00:00','1997-01-06 00:00:00','1996-12-13 00:00:00',2,20.3900,'Mre Paillarde','43 rue St. Laurent','Montral','Qubec','H1J 1C3','Canada'),(10377,'SEVES',1,'1996-12-09 00:00:00','1997-01-06 00:00:00','1996-12-13 00:00:00',3,22.2100,'Seven Seas Imports','90 Wadhurst Rd.','London',NULL,'OX15 4NB','UK'),(10378,'FOLKO',5,'1996-12-10 00:00:00','1997-01-07 00:00:00','1996-12-19 00:00:00',3,5.4400,'Folk och f HB','kergatan 24','Brcke',NULL,'S-844 67','Sweden'),(10379,'QUEDE',2,'1996-12-11 00:00:00','1997-01-08 00:00:00','1996-12-13 00:00:00',1,45.0300,'Que Delcia','Rua da Panificadora, 12','Rio de Janeiro','RJ','02389-673','Brazil'),(10380,'HUNGO',8,'1996-12-12 00:00:00','1997-01-09 00:00:00','1997-01-16 00:00:00',3,35.0300,'Hungry Owl All-Night Grocers','8 Johnstown Road','Cork','Co. Cork',NULL,'Ireland'),(10381,'LILAS',3,'1996-12-12 00:00:00','1997-01-09 00:00:00','1996-12-13 00:00:00',3,7.9900,'LILA-Supermercado','Carrera 52 con Ave. Bolvar #65-98 Llano Largo','Barquisimeto','Lara','3508','Venezuela'),(10382,'ERNSH',4,'1996-12-13 00:00:00','1997-01-10 00:00:00','1996-12-16 00:00:00',1,94.7700,'Ernst Handel','Kirchgasse 6','Graz',NULL,'8010','Austria'),(10383,'AROUT',8,'1996-12-16 00:00:00','1997-01-13 00:00:00','1996-12-18 00:00:00',3,34.2400,'Around the Horn','Brook Farm Stratford St. Mary','Colchester','Essex','CO7 6JX','UK'),(10384,'BERGS',3,'1996-12-16 00:00:00','1997-01-13 00:00:00','1996-12-20 00:00:00',3,168.6400,'Berglunds snabbkp','Berguvsvgen 8','Lule',NULL,'S-958 22','Sweden'),(10385,'SPLIR',1,'1996-12-17 00:00:00','1997-01-14 00:00:00','1996-12-23 00:00:00',2,30.9600,'Split Rail Beer & Ale','P.O. Box 555','Lander','WY','82520','USA'),(10386,'FAMIA',9,'1996-12-18 00:00:00','1997-01-01 00:00:00','1996-12-25 00:00:00',3,13.9900,'Familia Arquibaldo','Rua Ors, 92','Sao Paulo','SP','05442-030','Brazil'),(10387,'SANTG',1,'1996-12-18 00:00:00','1997-01-15 00:00:00','1996-12-20 00:00:00',2,93.6300,'Sant Gourmet','Erling Skakkes gate 78','Stavern',NULL,'4110','Norway'),(10388,'SEVES',2,'1996-12-19 00:00:00','1997-01-16 00:00:00','1996-12-20 00:00:00',1,34.8600,'Seven Seas Imports','90 Wadhurst Rd.','London',NULL,'OX15 4NB','UK'),(10389,'BOTTM',4,'1996-12-20 00:00:00','1997-01-17 00:00:00','1996-12-24 00:00:00',2,47.4200,'Bottom-Dollar Markets','23 Tsawassen Blvd.','Tsawassen','BC','T2F 8M4','Canada'),(10390,'ERNSH',6,'1996-12-23 00:00:00','1997-01-20 00:00:00','1996-12-26 00:00:00',1,126.3800,'Ernst Handel','Kirchgasse 6','Graz',NULL,'8010','Austria'),(10391,'DRACD',3,'1996-12-23 00:00:00','1997-01-20 00:00:00','1996-12-31 00:00:00',3,5.4500,'Drachenblut Delikatessen','Walserweg 21','Aachen',NULL,'52066','Germany'),(10392,'PICCO',2,'1996-12-24 00:00:00','1997-01-21 00:00:00','1997-01-01 00:00:00',3,122.4600,'Piccolo und mehr','Geislweg 14','Salzburg',NULL,'5020','Austria'),(10393,'SAVEA',1,'1996-12-25 00:00:00','1997-01-22 00:00:00','1997-01-03 00:00:00',3,126.5600,'Save-a-lot Markets','187 Suffolk Ln.','Boise','ID','83720','USA'),(10394,'HUNGC',1,'1996-12-25 00:00:00','1997-01-22 00:00:00','1997-01-03 00:00:00',3,30.3400,'Hungry Coyote Import Store','City Center Plaza 516 Main St.','Elgin','OR','97827','USA'),(10395,'HILAA',6,'1996-12-26 00:00:00','1997-01-23 00:00:00','1997-01-03 00:00:00',1,184.4100,'HILARION-Abastos','Carrera 22 con Ave. Carlos Soublette #8-35','San Cristbal','Tchira','5022','Venezuela'),(10396,'FRANK',1,'1996-12-27 00:00:00','1997-01-10 00:00:00','1997-01-06 00:00:00',3,135.3500,'Frankenversand','Berliner Platz 43','Mnchen',NULL,'80805','Germany'),(10397,'PRINI',5,'1996-12-27 00:00:00','1997-01-24 00:00:00','1997-01-02 00:00:00',1,60.2600,'Princesa Isabel Vinhos','Estrada da sade n. 58','Lisboa',NULL,'1756','Portugal'),(10398,'SAVEA',2,'1996-12-30 00:00:00','1997-01-27 00:00:00','1997-01-09 00:00:00',3,89.1600,'Save-a-lot Markets','187 Suffolk Ln.','Boise','ID','83720','USA'),(10399,'VAFFE',8,'1996-12-31 00:00:00','1997-01-14 00:00:00','1997-01-08 00:00:00',3,27.3600,'Vaffeljernet','Smagsloget 45','rhus',NULL,'8200','Denmark'),(10400,'EASTC',1,'1997-01-01 00:00:00','1997-01-29 00:00:00','1997-01-16 00:00:00',3,83.9300,'Eastern Connection','35 King George','London',NULL,'WX3 6FW','UK'),(10401,'RATTC',1,'1997-01-01 00:00:00','1997-01-29 00:00:00','1997-01-10 00:00:00',1,12.5100,'Rattlesnake Canyon Grocery','2817 Milton Dr.','Albuquerque','NM','87110','USA'),(10402,'ERNSH',8,'1997-01-02 00:00:00','1997-02-13 00:00:00','1997-01-10 00:00:00',2,67.8800,'Ernst Handel','Kirchgasse 6','Graz',NULL,'8010','Austria'),(10403,'ERNSH',4,'1997-01-03 00:00:00','1997-01-31 00:00:00','1997-01-09 00:00:00',3,73.7900,'Ernst Handel','Kirchgasse 6','Graz',NULL,'8010','Austria'),(10404,'MAGAA',2,'1997-01-03 00:00:00','1997-01-31 00:00:00','1997-01-08 00:00:00',1,155.9700,'Magazzini Alimentari Riuniti','Via Ludovico il Moro 22','Bergamo',NULL,'24100','Italy'),(10405,'LINOD',1,'1997-01-06 00:00:00','1997-02-03 00:00:00','1997-01-22 00:00:00',1,34.8200,'LINO-Delicateses','Ave. 5 de Mayo Porlamar','I. de Margarita','Nueva Esparta','4980','Venezuela'),(10406,'QUEEN',7,'1997-01-07 00:00:00','1997-02-18 00:00:00','1997-01-13 00:00:00',1,108.0400,'Queen Cozinha','Alameda dos Canrios, 891','Sao Paulo','SP','05487-020','Brazil'),(10407,'OTTIK',2,'1997-01-07 00:00:00','1997-02-04 00:00:00','1997-01-30 00:00:00',2,91.4800,'Ottilies Kseladen','Mehrheimerstr. 369','Kln',NULL,'50739','Germany'),(10408,'FOLIG',8,'1997-01-08 00:00:00','1997-02-05 00:00:00','1997-01-14 00:00:00',1,11.2600,'Folies gourmandes','184, chausse de Tournai','Lille',NULL,'59000','France'),(10409,'OCEAN',3,'1997-01-09 00:00:00','1997-02-06 00:00:00','1997-01-14 00:00:00',1,29.8300,'Ocano Atlntico Ltda.','Ing. Gustavo Moncada 8585 Piso 20-A','Buenos Aires',NULL,'1010','Argentina'),(10410,'BOTTM',3,'1997-01-10 00:00:00','1997-02-07 00:00:00','1997-01-15 00:00:00',3,2.4000,'Bottom-Dollar Markets','23 Tsawassen Blvd.','Tsawassen','BC','T2F 8M4','Canada'),(10411,'BOTTM',9,'1997-01-10 00:00:00','1997-02-07 00:00:00','1997-01-21 00:00:00',3,23.6500,'Bottom-Dollar Markets','23 Tsawassen Blvd.','Tsawassen','BC','T2F 8M4','Canada'),(10412,'WARTH',8,'1997-01-13 00:00:00','1997-02-10 00:00:00','1997-01-15 00:00:00',2,3.7700,'Wartian Herkku','Torikatu 38','Oulu',NULL,'90110','Finland'),(10413,'LAMAI',3,'1997-01-14 00:00:00','1997-02-11 00:00:00','1997-01-16 00:00:00',2,95.6600,'La maison d-Asie','1 rue Alsace-Lorraine','Toulouse',NULL,'31000','France'),(10414,'FAMIA',2,'1997-01-14 00:00:00','1997-02-11 00:00:00','1997-01-17 00:00:00',3,21.4800,'Familia Arquibaldo','Rua Ors, 92','Sao Paulo','SP','05442-030','Brazil'),(10415,'HUNGC',3,'1997-01-15 00:00:00','1997-02-12 00:00:00','1997-01-24 00:00:00',1,0.2000,'Hungry Coyote Import Store','City Center Plaza 516 Main St.','Elgin','OR','97827','USA'),(10416,'WARTH',8,'1997-01-16 00:00:00','1997-02-13 00:00:00','1997-01-27 00:00:00',3,22.7200,'Wartian Herkku','Torikatu 38','Oulu',NULL,'90110','Finland'),(10417,'SIMOB',4,'1997-01-16 00:00:00','1997-02-13 00:00:00','1997-01-28 00:00:00',3,70.2900,'Simons bistro','Vinbltet 34','Kobenhavn',NULL,'1734','Denmark'),(10418,'QUICK',4,'1997-01-17 00:00:00','1997-02-14 00:00:00','1997-01-24 00:00:00',1,17.5500,'QUICK-Stop','Taucherstrae 10','Cunewalde',NULL,'1307','Germany'),(10419,'RICSU',4,'1997-01-20 00:00:00','1997-02-17 00:00:00','1997-01-30 00:00:00',2,137.3500,'Richter Supermarkt','Starenweg 5','Genve',NULL,'1204','Switzerland'),(10420,'WELLI',3,'1997-01-21 00:00:00','1997-02-18 00:00:00','1997-01-27 00:00:00',1,44.1200,'Wellington Importadora','Rua do Mercado, 12','Resende','SP','08737-363','Brazil'),(10421,'QUEDE',8,'1997-01-21 00:00:00','1997-03-04 00:00:00','1997-01-27 00:00:00',1,99.2300,'Que Delcia','Rua da Panificadora, 12','Rio de Janeiro','RJ','02389-673','Brazil'),(10422,'FRANS',2,'1997-01-22 00:00:00','1997-02-19 00:00:00','1997-01-31 00:00:00',1,3.0200,'Franchi S.p.A.','Via Monte Bianco 34','Torino',NULL,'10100','Italy'),(10423,'GOURL',6,'1997-01-23 00:00:00','1997-02-06 00:00:00','1997-02-24 00:00:00',3,24.5000,'Gourmet Lanchonetes','Av. Brasil, 442','Campinas','SP','04876-786','Brazil'),(10424,'MEREP',7,'1997-01-23 00:00:00','1997-02-20 00:00:00','1997-01-27 00:00:00',2,370.6100,'Mre Paillarde','43 rue St. Laurent','Montral','Qubec','H1J 1C3','Canada'),(10425,'LAMAI',6,'1997-01-24 00:00:00','1997-02-21 00:00:00','1997-02-14 00:00:00',2,7.9300,'La maison d-Asie','1 rue Alsace-Lorraine','Toulouse',NULL,'31000','France'),(10426,'GALED',4,'1997-01-27 00:00:00','1997-02-24 00:00:00','1997-02-06 00:00:00',1,18.6900,'Galera del gastronmo','Rambla de Catalua, 23','Barcelona',NULL,'8022','Spain'),(10427,'PICCO',4,'1997-01-27 00:00:00','1997-02-24 00:00:00','1997-03-03 00:00:00',2,31.2900,'Piccolo und mehr','Geislweg 14','Salzburg',NULL,'5020','Austria'),(10428,'REGGC',7,'1997-01-28 00:00:00','1997-02-25 00:00:00','1997-02-04 00:00:00',1,11.0900,'Reggiani Caseifici','Strada Provinciale 124','Reggio Emilia',NULL,'42100','Italy'),(10429,'HUNGO',3,'1997-01-29 00:00:00','1997-03-12 00:00:00','1997-02-07 00:00:00',2,56.6300,'Hungry Owl All-Night Grocers','8 Johnstown Road','Cork','Co. Cork',NULL,'Ireland'),(10430,'ERNSH',4,'1997-01-30 00:00:00','1997-02-13 00:00:00','1997-02-03 00:00:00',1,458.7800,'Ernst Handel','Kirchgasse 6','Graz',NULL,'8010','Austria'),(10431,'BOTTM',4,'1997-01-30 00:00:00','1997-02-13 00:00:00','1997-02-07 00:00:00',2,44.1700,'Bottom-Dollar Markets','23 Tsawassen Blvd.','Tsawassen','BC','T2F 8M4','Canada'),(10432,'SPLIR',3,'1997-01-31 00:00:00','1997-02-14 00:00:00','1997-02-07 00:00:00',2,4.3400,'Split Rail Beer & Ale','P.O. Box 555','Lander','WY','82520','USA'),(10433,'PRINI',3,'1997-02-03 00:00:00','1997-03-03 00:00:00','1997-03-04 00:00:00',3,73.8300,'Princesa Isabel Vinhos','Estrada da sade n. 58','Lisboa',NULL,'1756','Portugal'),(10434,'FOLKO',3,'1997-02-03 00:00:00','1997-03-03 00:00:00','1997-02-13 00:00:00',2,17.9200,'Folk och f HB','kergatan 24','Brcke',NULL,'S-844 67','Sweden'),(10435,'CONSH',8,'1997-02-04 00:00:00','1997-03-18 00:00:00','1997-02-07 00:00:00',2,9.2100,'Consolidated Holdings','Berkeley Gardens 12 Brewery','London',NULL,'WX1 6LT','UK'),(10436,'BLONP',3,'1997-02-05 00:00:00','1997-03-05 00:00:00','1997-02-11 00:00:00',2,156.6600,'Blondel pre et fils','24, place Klber','Strasbourg',NULL,'67000','France'),(10437,'WARTH',8,'1997-02-05 00:00:00','1997-03-05 00:00:00','1997-02-12 00:00:00',1,19.9700,'Wartian Herkku','Torikatu 38','Oulu',NULL,'90110','Finland'),(10438,'TOMSP',3,'1997-02-06 00:00:00','1997-03-06 00:00:00','1997-02-14 00:00:00',2,8.2400,'Toms Spezialitten','Luisenstr. 48','Mnster',NULL,'44087','Germany'),(10439,'MEREP',6,'1997-02-07 00:00:00','1997-03-07 00:00:00','1997-02-10 00:00:00',3,4.0700,'Mre Paillarde','43 rue St. Laurent','Montral','Qubec','H1J 1C3','Canada'),(10440,'SAVEA',4,'1997-02-10 00:00:00','1997-03-10 00:00:00','1997-02-28 00:00:00',2,86.5300,'Save-a-lot Markets','187 Suffolk Ln.','Boise','ID','83720','USA'),(10441,'OLDWO',3,'1997-02-10 00:00:00','1997-03-24 00:00:00','1997-03-14 00:00:00',2,73.0200,'Old World Delicatessen','2743 Bering St.','Anchorage','AK','99508','USA'),(10442,'ERNSH',3,'1997-02-11 00:00:00','1997-03-11 00:00:00','1997-02-18 00:00:00',2,47.9400,'Ernst Handel','Kirchgasse 6','Graz',NULL,'8010','Austria'),(10443,'REGGC',8,'1997-02-12 00:00:00','1997-03-12 00:00:00','1997-02-14 00:00:00',1,13.9500,'Reggiani Caseifici','Strada Provinciale 124','Reggio Emilia',NULL,'42100','Italy'),(10444,'BERGS',3,'1997-02-12 00:00:00','1997-03-12 00:00:00','1997-02-21 00:00:00',3,3.5000,'Berglunds snabbkp','Berguvsvgen 8','Lule',NULL,'S-958 22','Sweden'),(10445,'BERGS',3,'1997-02-13 00:00:00','1997-03-13 00:00:00','1997-02-20 00:00:00',1,9.3000,'Berglunds snabbkp','Berguvsvgen 8','Lule',NULL,'S-958 22','Sweden'),(10446,'TOMSP',6,'1997-02-14 00:00:00','1997-03-14 00:00:00','1997-02-19 00:00:00',1,14.6800,'Toms Spezialitten','Luisenstr. 48','Mnster',NULL,'44087','Germany'),(10447,'RICAR',4,'1997-02-14 00:00:00','1997-03-14 00:00:00','1997-03-07 00:00:00',2,68.6600,'Ricardo Adocicados','Av. Copacabana, 267','Rio de Janeiro','RJ','02389-890','Brazil'),(10448,'RANCH',4,'1997-02-17 00:00:00','1997-03-17 00:00:00','1997-02-24 00:00:00',2,38.8200,'Rancho grande','Av. del Libertador 900','Buenos Aires',NULL,'1010','Argentina'),(10449,'BLONP',3,'1997-02-18 00:00:00','1997-03-18 00:00:00','1997-02-27 00:00:00',2,53.3000,'Blondel pre et fils','24, place Klber','Strasbourg',NULL,'67000','France'),(10450,'VICTE',8,'1997-02-19 00:00:00','1997-03-19 00:00:00','1997-03-11 00:00:00',2,7.2300,'Victuailles en stock','2, rue du Commerce','Lyon',NULL,'69004','France'),(10451,'QUICK',4,'1997-02-19 00:00:00','1997-03-05 00:00:00','1997-03-12 00:00:00',3,189.0900,'QUICK-Stop','Taucherstrae 10','Cunewalde',NULL,'1307','Germany'),(10452,'SAVEA',8,'1997-02-20 00:00:00','1997-03-20 00:00:00','1997-02-26 00:00:00',1,140.2600,'Save-a-lot Markets','187 Suffolk Ln.','Boise','ID','83720','USA'),(10453,'AROUT',1,'1997-02-21 00:00:00','1997-03-21 00:00:00','1997-02-26 00:00:00',2,25.3600,'Around the Horn','Brook Farm Stratford St. Mary','Colchester','Essex','CO7 6JX','UK'),(10454,'LAMAI',4,'1997-02-21 00:00:00','1997-03-21 00:00:00','1997-02-25 00:00:00',3,2.7400,'La maison d-Asie','1 rue Alsace-Lorraine','Toulouse',NULL,'31000','France'),(10455,'WARTH',8,'1997-02-24 00:00:00','1997-04-07 00:00:00','1997-03-03 00:00:00',2,180.4500,'Wartian Herkku','Torikatu 38','Oulu',NULL,'90110','Finland'),(10456,'KOENE',8,'1997-02-25 00:00:00','1997-04-08 00:00:00','1997-02-28 00:00:00',2,8.1200,'Kniglich Essen','Maubelstr. 90','Brandenburg',NULL,'14776','Germany'),(10457,'KOENE',2,'1997-02-25 00:00:00','1997-03-25 00:00:00','1997-03-03 00:00:00',1,11.5700,'Kniglich Essen','Maubelstr. 90','Brandenburg',NULL,'14776','Germany'),(10458,'SUPRD',7,'1997-02-26 00:00:00','1997-03-26 00:00:00','1997-03-04 00:00:00',3,147.0600,'Suprmes dlices','Boulevard Tirou, 255','Charleroi',NULL,'B-6000','Belgium'),(10459,'VICTE',4,'1997-02-27 00:00:00','1997-03-27 00:00:00','1997-02-28 00:00:00',2,25.0900,'Victuailles en stock','2, rue du Commerce','Lyon',NULL,'69004','France'),(10460,'FOLKO',8,'1997-02-28 00:00:00','1997-03-28 00:00:00','1997-03-03 00:00:00',1,16.2700,'Folk och f HB','kergatan 24','Brcke',NULL,'S-844 67','Sweden'),(10461,'LILAS',1,'1997-02-28 00:00:00','1997-03-28 00:00:00','1997-03-05 00:00:00',3,148.6100,'LILA-Supermercado','Carrera 52 con Ave. Bolvar #65-98 Llano Largo','Barquisimeto','Lara','3508','Venezuela'),(10462,'CONSH',2,'1997-03-03 00:00:00','1997-03-31 00:00:00','1997-03-18 00:00:00',1,6.1700,'Consolidated Holdings','Berkeley Gardens 12 Brewery','London',NULL,'WX1 6LT','UK'),(10463,'SUPRD',5,'1997-03-04 00:00:00','1997-04-01 00:00:00','1997-03-06 00:00:00',3,14.7800,'Suprmes dlices','Boulevard Tirou, 255','Charleroi',NULL,'B-6000','Belgium'),(10464,'FURIB',4,'1997-03-04 00:00:00','1997-04-01 00:00:00','1997-03-14 00:00:00',2,89.0000,'Furia Bacalhau e Frutos do Mar','Jardim das rosas n. 32','Lisboa',NULL,'1675','Portugal'),(10465,'VAFFE',1,'1997-03-05 00:00:00','1997-04-02 00:00:00','1997-03-14 00:00:00',3,145.0400,'Vaffeljernet','Smagsloget 45','rhus',NULL,'8200','Denmark'),(10466,'COMMI',4,'1997-03-06 00:00:00','1997-04-03 00:00:00','1997-03-13 00:00:00',1,11.9300,'Comrcio Mineiro','Av. dos Lusadas, 23','Sao Paulo','SP','05432-043','Brazil'),(10467,'MAGAA',8,'1997-03-06 00:00:00','1997-04-03 00:00:00','1997-03-11 00:00:00',2,4.9300,'Magazzini Alimentari Riuniti','Via Ludovico il Moro 22','Bergamo',NULL,'24100','Italy'),(10468,'KOENE',3,'1997-03-07 00:00:00','1997-04-04 00:00:00','1997-03-12 00:00:00',3,44.1200,'Kniglich Essen','Maubelstr. 90','Brandenburg',NULL,'14776','Germany'),(10469,'WHITC',1,'1997-03-10 00:00:00','1997-04-07 00:00:00','1997-03-14 00:00:00',1,60.1800,'White Clover Markets','1029 - 12th Ave. S.','Seattle','WA','98124','USA'),(10470,'BONAP',4,'1997-03-11 00:00:00','1997-04-08 00:00:00','1997-03-14 00:00:00',2,64.5600,'Bon app-','12, rue des Bouchers','Marseille',NULL,'13008','France'),(10471,'BSBEV',2,'1997-03-11 00:00:00','1997-04-08 00:00:00','1997-03-18 00:00:00',3,45.5900,'B-s Beverages','Fauntleroy Circus','London',NULL,'EC2 5NT','UK'),(10472,'SEVES',8,'1997-03-12 00:00:00','1997-04-09 00:00:00','1997-03-19 00:00:00',1,4.2000,'Seven Seas Imports','90 Wadhurst Rd.','London',NULL,'OX15 4NB','UK'),(10473,'ISLAT',1,'1997-03-13 00:00:00','1997-03-27 00:00:00','1997-03-21 00:00:00',3,16.3700,'Island Trading','Garden House Crowther Way','Cowes','Isle of Wight','PO31 7PJ','UK'),(10474,'PERIC',5,'1997-03-13 00:00:00','1997-04-10 00:00:00','1997-03-21 00:00:00',2,83.4900,'Pericles Comidas clsicas','Calle Dr. Jorge Cash 321','Mxico D.F.',NULL,'5033','Mexico'),(10475,'SUPRD',9,'1997-03-14 00:00:00','1997-04-11 00:00:00','1997-04-04 00:00:00',1,68.5200,'Suprmes dlices','Boulevard Tirou, 255','Charleroi',NULL,'B-6000','Belgium'),(10476,'HILAA',8,'1997-03-17 00:00:00','1997-04-14 00:00:00','1997-03-24 00:00:00',3,4.4100,'HILARION-Abastos','Carrera 22 con Ave. Carlos Soublette #8-35','San Cristbal','Tchira','5022','Venezuela'),(10477,'PRINI',5,'1997-03-17 00:00:00','1997-04-14 00:00:00','1997-03-25 00:00:00',2,13.0200,'Princesa Isabel Vinhos','Estrada da sade n. 58','Lisboa',NULL,'1756','Portugal'),(10478,'VICTE',2,'1997-03-18 00:00:00','1997-04-01 00:00:00','1997-03-26 00:00:00',3,4.8100,'Victuailles en stock','2, rue du Commerce','Lyon',NULL,'69004','France'),(10479,'RATTC',3,'1997-03-19 00:00:00','1997-04-16 00:00:00','1997-03-21 00:00:00',3,708.9500,'Rattlesnake Canyon Grocery','2817 Milton Dr.','Albuquerque','NM','87110','USA'),(10480,'FOLIG',6,'1997-03-20 00:00:00','1997-04-17 00:00:00','1997-03-24 00:00:00',2,1.3500,'Folies gourmandes','184, chausse de Tournai','Lille',NULL,'59000','France'),(10481,'RICAR',8,'1997-03-20 00:00:00','1997-04-17 00:00:00','1997-03-25 00:00:00',2,64.3300,'Ricardo Adocicados','Av. Copacabana, 267','Rio de Janeiro','RJ','02389-890','Brazil'),(10482,'LAZYK',1,'1997-03-21 00:00:00','1997-04-18 00:00:00','1997-04-10 00:00:00',3,7.4800,'Lazy K Kountry Store','12 Orchestra Terrace','Walla Walla','WA','99362','USA'),(10483,'WHITC',7,'1997-03-24 00:00:00','1997-04-21 00:00:00','1997-04-25 00:00:00',2,15.2800,'White Clover Markets','1029 - 12th Ave. S.','Seattle','WA','98124','USA'),(10484,'BSBEV',3,'1997-03-24 00:00:00','1997-04-21 00:00:00','1997-04-01 00:00:00',3,6.8800,'B-s Beverages','Fauntleroy Circus','London',NULL,'EC2 5NT','UK'),(10485,'LINOD',4,'1997-03-25 00:00:00','1997-04-08 00:00:00','1997-03-31 00:00:00',2,64.4500,'LINO-Delicateses','Ave. 5 de Mayo Porlamar','I. de Margarita','Nueva Esparta','4980','Venezuela'),(10486,'HILAA',1,'1997-03-26 00:00:00','1997-04-23 00:00:00','1997-04-02 00:00:00',2,30.5300,'HILARION-Abastos','Carrera 22 con Ave. Carlos Soublette #8-35','San Cristbal','Tchira','5022','Venezuela'),(10487,'QUEEN',2,'1997-03-26 00:00:00','1997-04-23 00:00:00','1997-03-28 00:00:00',2,71.0700,'Queen Cozinha','Alameda dos Canrios, 891','Sao Paulo','SP','05487-020','Brazil'),(10488,'FRANK',8,'1997-03-27 00:00:00','1997-04-24 00:00:00','1997-04-02 00:00:00',2,4.9300,'Frankenversand','Berliner Platz 43','Mnchen',NULL,'80805','Germany'),(10489,'PICCO',6,'1997-03-28 00:00:00','1997-04-25 00:00:00','1997-04-09 00:00:00',2,5.2900,'Piccolo und mehr','Geislweg 14','Salzburg',NULL,'5020','Austria'),(10490,'HILAA',7,'1997-03-31 00:00:00','1997-04-28 00:00:00','1997-04-03 00:00:00',2,210.1900,'HILARION-Abastos','Carrera 22 con Ave. Carlos Soublette #8-35','San Cristbal','Tchira','5022','Venezuela'),(10491,'FURIB',8,'1997-03-31 00:00:00','1997-04-28 00:00:00','1997-04-08 00:00:00',3,16.9600,'Furia Bacalhau e Frutos do Mar','Jardim das rosas n. 32','Lisboa',NULL,'1675','Portugal'),(10492,'BOTTM',3,'1997-04-01 00:00:00','1997-04-29 00:00:00','1997-04-11 00:00:00',1,62.8900,'Bottom-Dollar Markets','23 Tsawassen Blvd.','Tsawassen','BC','T2F 8M4','Canada'),(10493,'LAMAI',4,'1997-04-02 00:00:00','1997-04-30 00:00:00','1997-04-10 00:00:00',3,10.6400,'La maison d-Asie','1 rue Alsace-Lorraine','Toulouse',NULL,'31000','France'),(10494,'COMMI',4,'1997-04-02 00:00:00','1997-04-30 00:00:00','1997-04-09 00:00:00',2,65.9900,'Comrcio Mineiro','Av. dos Lusadas, 23','Sao Paulo','SP','05432-043','Brazil'),(10495,'LAUGB',3,'1997-04-03 00:00:00','1997-05-01 00:00:00','1997-04-11 00:00:00',3,4.6500,'Laughing Bacchus Wine Cellars','2319 Elm St.','Vancouver','BC','V3F 2K1','Canada'),(10496,'TRADH',7,'1997-04-04 00:00:00','1997-05-02 00:00:00','1997-04-07 00:00:00',2,46.7700,'Tradiao Hipermercados','Av. Ins de Castro, 414','Sao Paulo','SP','05634-030','Brazil'),(10497,'LEHMS',7,'1997-04-04 00:00:00','1997-05-02 00:00:00','1997-04-07 00:00:00',1,36.2100,'Lehmanns Marktstand','Magazinweg 7','Frankfurt a.M.',NULL,'60528','Germany'),(10498,'HILAA',8,'1997-04-07 00:00:00','1997-05-05 00:00:00','1997-04-11 00:00:00',2,29.7500,'HILARION-Abastos','Carrera 22 con Ave. Carlos Soublette #8-35','San Cristbal','Tchira','5022','Venezuela'),(10499,'LILAS',4,'1997-04-08 00:00:00','1997-05-06 00:00:00','1997-04-16 00:00:00',2,102.0200,'LILA-Supermercado','Carrera 52 con Ave. Bolvar #65-98 Llano Largo','Barquisimeto','Lara','3508','Venezuela'),(10500,'LAMAI',6,'1997-04-09 00:00:00','1997-05-07 00:00:00','1997-04-17 00:00:00',1,42.6800,'La maison d-Asie','1 rue Alsace-Lorraine','Toulouse',NULL,'31000','France'),(10501,'BLAUS',9,'1997-04-09 00:00:00','1997-05-07 00:00:00','1997-04-16 00:00:00',3,8.8500,'Blauer See Delikatessen','Forsterstr. 57','Mannheim',NULL,'68306','Germany'),(10502,'PERIC',2,'1997-04-10 00:00:00','1997-05-08 00:00:00','1997-04-29 00:00:00',1,69.3200,'Pericles Comidas clsicas','Calle Dr. Jorge Cash 321','Mxico D.F.',NULL,'5033','Mexico'),(10503,'HUNGO',6,'1997-04-11 00:00:00','1997-05-09 00:00:00','1997-04-16 00:00:00',2,16.7400,'Hungry Owl All-Night Grocers','8 Johnstown Road','Cork','Co. Cork',NULL,'Ireland'),(10504,'WHITC',4,'1997-04-11 00:00:00','1997-05-09 00:00:00','1997-04-18 00:00:00',3,59.1300,'White Clover Markets','1029 - 12th Ave. S.','Seattle','WA','98124','USA'),(10505,'MEREP',3,'1997-04-14 00:00:00','1997-05-12 00:00:00','1997-04-21 00:00:00',3,7.1300,'Mre Paillarde','43 rue St. Laurent','Montral','Qubec','H1J 1C3','Canada'),(10506,'KOENE',9,'1997-04-15 00:00:00','1997-05-13 00:00:00','1997-05-02 00:00:00',2,21.1900,'Kniglich Essen','Maubelstr. 90','Brandenburg',NULL,'14776','Germany'),(10507,'ANTON',7,'1997-04-15 00:00:00','1997-05-13 00:00:00','1997-04-22 00:00:00',1,47.4500,'Antonio Moreno Taquera','Mataderos 2312','Mxico D.F.',NULL,'5023','Mexico'),(10508,'OTTIK',1,'1997-04-16 00:00:00','1997-05-14 00:00:00','1997-05-13 00:00:00',2,4.9900,'Ottilies Kseladen','Mehrheimerstr. 369','Kln',NULL,'50739','Germany'),(10509,'BLAUS',4,'1997-04-17 00:00:00','1997-05-15 00:00:00','1997-04-29 00:00:00',1,0.1500,'Blauer See Delikatessen','Forsterstr. 57','Mannheim',NULL,'68306','Germany'),(10510,'SAVEA',6,'1997-04-18 00:00:00','1997-05-16 00:00:00','1997-04-28 00:00:00',3,367.6300,'Save-a-lot Markets','187 Suffolk Ln.','Boise','ID','83720','USA'),(10511,'BONAP',4,'1997-04-18 00:00:00','1997-05-16 00:00:00','1997-04-21 00:00:00',3,350.6400,'Bon app-','12, rue des Bouchers','Marseille',NULL,'13008','France'),(10512,'FAMIA',7,'1997-04-21 00:00:00','1997-05-19 00:00:00','1997-04-24 00:00:00',2,3.5300,'Familia Arquibaldo','Rua Ors, 92','Sao Paulo','SP','05442-030','Brazil'),(10513,'WANDK',7,'1997-04-22 00:00:00','1997-06-03 00:00:00','1997-04-28 00:00:00',1,105.6500,'Die Wandernde Kuh','Adenauerallee 900','Stuttgart',NULL,'70563','Germany'),(10514,'ERNSH',3,'1997-04-22 00:00:00','1997-05-20 00:00:00','1997-05-16 00:00:00',2,789.9500,'Ernst Handel','Kirchgasse 6','Graz',NULL,'8010','Austria'),(10515,'QUICK',2,'1997-04-23 00:00:00','1997-05-07 00:00:00','1997-05-23 00:00:00',1,204.4700,'QUICK-Stop','Taucherstrae 10','Cunewalde',NULL,'1307','Germany'),(10516,'HUNGO',2,'1997-04-24 00:00:00','1997-05-22 00:00:00','1997-05-01 00:00:00',3,62.7800,'Hungry Owl All-Night Grocers','8 Johnstown Road','Cork','Co. Cork',NULL,'Ireland'),(10517,'NORTS',3,'1997-04-24 00:00:00','1997-05-22 00:00:00','1997-04-29 00:00:00',3,32.0700,'North/South','South House 300 Queensbridge','London',NULL,'SW7 1RZ','UK'),(10518,'TORTU',4,'1997-04-25 00:00:00','1997-05-09 00:00:00','1997-05-05 00:00:00',2,218.1500,'Tortuga Restaurante','Avda. Azteca 123','Mxico D.F.',NULL,'5033','Mexico'),(10519,'CHOPS',6,'1997-04-28 00:00:00','1997-05-26 00:00:00','1997-05-01 00:00:00',3,91.7600,'Chop-suey Chinese','Hauptstr. 31','Bern',NULL,'3012','Switzerland'),(10520,'SANTG',7,'1997-04-29 00:00:00','1997-05-27 00:00:00','1997-05-01 00:00:00',1,13.3700,'Sant Gourmet','Erling Skakkes gate 78','Stavern',NULL,'4110','Norway'),(10521,'CACTU',8,'1997-04-29 00:00:00','1997-05-27 00:00:00','1997-05-02 00:00:00',2,17.2200,'Cactus Comidas para llevar','Cerrito 333','Buenos Aires',NULL,'1010','Argentina'),(10522,'LEHMS',4,'1997-04-30 00:00:00','1997-05-28 00:00:00','1997-05-06 00:00:00',1,45.3300,'Lehmanns Marktstand','Magazinweg 7','Frankfurt a.M.',NULL,'60528','Germany'),(10523,'SEVES',7,'1997-05-01 00:00:00','1997-05-29 00:00:00','1997-05-30 00:00:00',2,77.6300,'Seven Seas Imports','90 Wadhurst Rd.','London',NULL,'OX15 4NB','UK'),(10524,'BERGS',1,'1997-05-01 00:00:00','1997-05-29 00:00:00','1997-05-07 00:00:00',2,244.7900,'Berglunds snabbkp','Berguvsvgen 8','Lule',NULL,'S-958 22','Sweden'),(10525,'BONAP',1,'1997-05-02 00:00:00','1997-05-30 00:00:00','1997-05-23 00:00:00',2,11.0600,'Bon app-','12, rue des Bouchers','Marseille',NULL,'13008','France'),(10526,'WARTH',4,'1997-05-05 00:00:00','1997-06-02 00:00:00','1997-05-15 00:00:00',2,58.5900,'Wartian Herkku','Torikatu 38','Oulu',NULL,'90110','Finland'),(10527,'QUICK',7,'1997-05-05 00:00:00','1997-06-02 00:00:00','1997-05-07 00:00:00',1,41.9000,'QUICK-Stop','Taucherstrae 10','Cunewalde',NULL,'1307','Germany'),(10528,'GREAL',6,'1997-05-06 00:00:00','1997-05-20 00:00:00','1997-05-09 00:00:00',2,3.3500,'Great Lakes Food Market','2732 Baker Blvd.','Eugene','OR','97403','USA'),(10529,'MAISD',5,'1997-05-07 00:00:00','1997-06-04 00:00:00','1997-05-09 00:00:00',2,66.6900,'Maison Dewey','Rue Joseph-Bens 532','Bruxelles',NULL,'B-1180','Belgium'),(10530,'PICCO',3,'1997-05-08 00:00:00','1997-06-05 00:00:00','1997-05-12 00:00:00',2,339.2200,'Piccolo und mehr','Geislweg 14','Salzburg',NULL,'5020','Austria'),(10531,'OCEAN',7,'1997-05-08 00:00:00','1997-06-05 00:00:00','1997-05-19 00:00:00',1,8.1200,'Ocano Atlntico Ltda.','Ing. Gustavo Moncada 8585 Piso 20-A','Buenos Aires',NULL,'1010','Argentina'),(10532,'EASTC',7,'1997-05-09 00:00:00','1997-06-06 00:00:00','1997-05-12 00:00:00',3,74.4600,'Eastern Connection','35 King George','London',NULL,'WX3 6FW','UK'),(10533,'FOLKO',8,'1997-05-12 00:00:00','1997-06-09 00:00:00','1997-05-22 00:00:00',1,188.0400,'Folk och f HB','kergatan 24','Brcke',NULL,'S-844 67','Sweden'),(10534,'LEHMS',8,'1997-05-12 00:00:00','1997-06-09 00:00:00','1997-05-14 00:00:00',2,27.9400,'Lehmanns Marktstand','Magazinweg 7','Frankfurt a.M.',NULL,'60528','Germany'),(10535,'ANTON',4,'1997-05-13 00:00:00','1997-06-10 00:00:00','1997-05-21 00:00:00',1,15.6400,'Antonio Moreno Taquera','Mataderos 2312','Mxico D.F.',NULL,'5023','Mexico'),(10536,'LEHMS',3,'1997-05-14 00:00:00','1997-06-11 00:00:00','1997-06-06 00:00:00',2,58.8800,'Lehmanns Marktstand','Magazinweg 7','Frankfurt a.M.',NULL,'60528','Germany'),(10537,'RICSU',1,'1997-05-14 00:00:00','1997-05-28 00:00:00','1997-05-19 00:00:00',1,78.8500,'Richter Supermarkt','Starenweg 5','Genve',NULL,'1204','Switzerland'),(10538,'BSBEV',9,'1997-05-15 00:00:00','1997-06-12 00:00:00','1997-05-16 00:00:00',3,4.8700,'B-s Beverages','Fauntleroy Circus','London',NULL,'EC2 5NT','UK'),(10539,'BSBEV',6,'1997-05-16 00:00:00','1997-06-13 00:00:00','1997-05-23 00:00:00',3,12.3600,'B-s Beverages','Fauntleroy Circus','London',NULL,'EC2 5NT','UK'),(10540,'QUICK',3,'1997-05-19 00:00:00','1997-06-16 00:00:00','1997-06-13 00:00:00',3,1007.6400,'QUICK-Stop','Taucherstrae 10','Cunewalde',NULL,'1307','Germany'),(10541,'HANAR',2,'1997-05-19 00:00:00','1997-06-16 00:00:00','1997-05-29 00:00:00',1,68.6500,'Hanari Carnes','Rua do Pao, 67','Rio de Janeiro','RJ','05454-876','Brazil'),(10542,'KOENE',1,'1997-05-20 00:00:00','1997-06-17 00:00:00','1997-05-26 00:00:00',3,10.9500,'Kniglich Essen','Maubelstr. 90','Brandenburg',NULL,'14776','Germany'),(10543,'LILAS',8,'1997-05-21 00:00:00','1997-06-18 00:00:00','1997-05-23 00:00:00',2,48.1700,'LILA-Supermercado','Carrera 52 con Ave. Bolvar #65-98 Llano Largo','Barquisimeto','Lara','3508','Venezuela'),(10544,'LONEP',4,'1997-05-21 00:00:00','1997-06-18 00:00:00','1997-05-30 00:00:00',1,24.9100,'Lonesome Pine Restaurant','89 Chiaroscuro Rd.','Portland','OR','97219','USA'),(10545,'LAZYK',8,'1997-05-22 00:00:00','1997-06-19 00:00:00','1997-06-26 00:00:00',2,11.9200,'Lazy K Kountry Store','12 Orchestra Terrace','Walla Walla','WA','99362','USA'),(10546,'VICTE',1,'1997-05-23 00:00:00','1997-06-20 00:00:00','1997-05-27 00:00:00',3,194.7200,'Victuailles en stock','2, rue du Commerce','Lyon',NULL,'69004','France'),(10547,'SEVES',3,'1997-05-23 00:00:00','1997-06-20 00:00:00','1997-06-02 00:00:00',2,178.4300,'Seven Seas Imports','90 Wadhurst Rd.','London',NULL,'OX15 4NB','UK'),(10548,'TOMSP',3,'1997-05-26 00:00:00','1997-06-23 00:00:00','1997-06-02 00:00:00',2,1.4300,'Toms Spezialitten','Luisenstr. 48','Mnster',NULL,'44087','Germany'),(10549,'QUICK',5,'1997-05-27 00:00:00','1997-06-10 00:00:00','1997-05-30 00:00:00',1,171.2400,'QUICK-Stop','Taucherstrae 10','Cunewalde',NULL,'1307','Germany'),(10550,'GODOS',7,'1997-05-28 00:00:00','1997-06-25 00:00:00','1997-06-06 00:00:00',3,4.3200,'Godos Cocina Tpica','C/ Romero, 33','Sevilla',NULL,'41101','Spain'),(10551,'FURIB',4,'1997-05-28 00:00:00','1997-07-09 00:00:00','1997-06-06 00:00:00',3,72.9500,'Furia Bacalhau e Frutos do Mar','Jardim das rosas n. 32','Lisboa',NULL,'1675','Portugal'),(10552,'HILAA',2,'1997-05-29 00:00:00','1997-06-26 00:00:00','1997-06-05 00:00:00',1,83.2200,'HILARION-Abastos','Carrera 22 con Ave. Carlos Soublette #8-35','San Cristbal','Tchira','5022','Venezuela'),(10553,'WARTH',2,'1997-05-30 00:00:00','1997-06-27 00:00:00','1997-06-03 00:00:00',2,149.4900,'Wartian Herkku','Torikatu 38','Oulu',NULL,'90110','Finland'),(10554,'OTTIK',4,'1997-05-30 00:00:00','1997-06-27 00:00:00','1997-06-05 00:00:00',3,120.9700,'Ottilies Kseladen','Mehrheimerstr. 369','Kln',NULL,'50739','Germany'),(10555,'SAVEA',6,'1997-06-02 00:00:00','1997-06-30 00:00:00','1997-06-04 00:00:00',3,252.4900,'Save-a-lot Markets','187 Suffolk Ln.','Boise','ID','83720','USA'),(10556,'SIMOB',2,'1997-06-03 00:00:00','1997-07-15 00:00:00','1997-06-13 00:00:00',1,9.8000,'Simons bistro','Vinbltet 34','Kobenhavn',NULL,'1734','Denmark'),(10557,'LEHMS',9,'1997-06-03 00:00:00','1997-06-17 00:00:00','1997-06-06 00:00:00',2,96.7200,'Lehmanns Marktstand','Magazinweg 7','Frankfurt a.M.',NULL,'60528','Germany'),(10558,'AROUT',1,'1997-06-04 00:00:00','1997-07-02 00:00:00','1997-06-10 00:00:00',2,72.9700,'Around the Horn','Brook Farm Stratford St. Mary','Colchester','Essex','CO7 6JX','UK'),(10559,'BLONP',6,'1997-06-05 00:00:00','1997-07-03 00:00:00','1997-06-13 00:00:00',1,8.0500,'Blondel pre et fils','24, place Klber','Strasbourg',NULL,'67000','France'),(10560,'FRANK',8,'1997-06-06 00:00:00','1997-07-04 00:00:00','1997-06-09 00:00:00',1,36.6500,'Frankenversand','Berliner Platz 43','Mnchen',NULL,'80805','Germany'),(10561,'FOLKO',2,'1997-06-06 00:00:00','1997-07-04 00:00:00','1997-06-09 00:00:00',2,242.2100,'Folk och f HB','kergatan 24','Brcke',NULL,'S-844 67','Sweden'),(10562,'REGGC',1,'1997-06-09 00:00:00','1997-07-07 00:00:00','1997-06-12 00:00:00',1,22.9500,'Reggiani Caseifici','Strada Provinciale 124','Reggio Emilia',NULL,'42100','Italy'),(10563,'RICAR',2,'1997-06-10 00:00:00','1997-07-22 00:00:00','1997-06-24 00:00:00',2,60.4300,'Ricardo Adocicados','Av. Copacabana, 267','Rio de Janeiro','RJ','02389-890','Brazil'),(10564,'RATTC',4,'1997-06-10 00:00:00','1997-07-08 00:00:00','1997-06-16 00:00:00',3,13.7500,'Rattlesnake Canyon Grocery','2817 Milton Dr.','Albuquerque','NM','87110','USA'),(10565,'MEREP',8,'1997-06-11 00:00:00','1997-07-09 00:00:00','1997-06-18 00:00:00',2,7.1500,'Mre Paillarde','43 rue St. Laurent','Montral','Qubec','H1J 1C3','Canada'),(10566,'BLONP',9,'1997-06-12 00:00:00','1997-07-10 00:00:00','1997-06-18 00:00:00',1,88.4000,'Blondel pre et fils','24, place Klber','Strasbourg',NULL,'67000','France'),(10567,'HUNGO',1,'1997-06-12 00:00:00','1997-07-10 00:00:00','1997-06-17 00:00:00',1,33.9700,'Hungry Owl All-Night Grocers','8 Johnstown Road','Cork','Co. Cork',NULL,'Ireland'),(10568,'GALED',3,'1997-06-13 00:00:00','1997-07-11 00:00:00','1997-07-09 00:00:00',3,6.5400,'Galera del gastronmo','Rambla de Catalua, 23','Barcelona',NULL,'8022','Spain'),(10569,'RATTC',5,'1997-06-16 00:00:00','1997-07-14 00:00:00','1997-07-11 00:00:00',1,58.9800,'Rattlesnake Canyon Grocery','2817 Milton Dr.','Albuquerque','NM','87110','USA'),(10570,'MEREP',3,'1997-06-17 00:00:00','1997-07-15 00:00:00','1997-06-19 00:00:00',3,188.9900,'Mre Paillarde','43 rue St. Laurent','Montral','Qubec','H1J 1C3','Canada'),(10571,'ERNSH',8,'1997-06-17 00:00:00','1997-07-29 00:00:00','1997-07-04 00:00:00',3,26.0600,'Ernst Handel','Kirchgasse 6','Graz',NULL,'8010','Austria'),(10572,'BERGS',3,'1997-06-18 00:00:00','1997-07-16 00:00:00','1997-06-25 00:00:00',2,116.4300,'Berglunds snabbkp','Berguvsvgen 8','Lule',NULL,'S-958 22','Sweden'),(10573,'ANTON',7,'1997-06-19 00:00:00','1997-07-17 00:00:00','1997-06-20 00:00:00',3,84.8400,'Antonio Moreno Taquera','Mataderos 2312','Mxico D.F.',NULL,'5023','Mexico'),(10574,'TRAIH',4,'1997-06-19 00:00:00','1997-07-17 00:00:00','1997-06-30 00:00:00',2,37.6000,'Trail-s Head Gourmet Provisioners','722 DaVinci Blvd.','Kirkland','WA','98034','USA'),(10575,'MORGK',5,'1997-06-20 00:00:00','1997-07-04 00:00:00','1997-06-30 00:00:00',1,127.3400,'Morgenstern Gesundkost','Heerstr. 22','Leipzig',NULL,'4179','Germany'),(10576,'TORTU',3,'1997-06-23 00:00:00','1997-07-07 00:00:00','1997-06-30 00:00:00',3,18.5600,'Tortuga Restaurante','Avda. Azteca 123','Mxico D.F.',NULL,'5033','Mexico'),(10577,'TRAIH',9,'1997-06-23 00:00:00','1997-08-04 00:00:00','1997-06-30 00:00:00',2,25.4100,'Trail-s Head Gourmet Provisioners','722 DaVinci Blvd.','Kirkland','WA','98034','USA'),(10578,'BSBEV',4,'1997-06-24 00:00:00','1997-07-22 00:00:00','1997-07-25 00:00:00',3,29.6000,'B-s Beverages','Fauntleroy Circus','London',NULL,'EC2 5NT','UK'),(10579,'LETSS',1,'1997-06-25 00:00:00','1997-07-23 00:00:00','1997-07-04 00:00:00',2,13.7300,'Let-s Stop N Shop','87 Polk St. Suite 5','San Francisco','CA','94117','USA'),(10580,'OTTIK',4,'1997-06-26 00:00:00','1997-07-24 00:00:00','1997-07-01 00:00:00',3,75.8900,'Ottilies Kseladen','Mehrheimerstr. 369','Kln',NULL,'50739','Germany'),(10581,'FAMIA',3,'1997-06-26 00:00:00','1997-07-24 00:00:00','1997-07-02 00:00:00',1,3.0100,'Familia Arquibaldo','Rua Ors, 92','Sao Paulo','SP','05442-030','Brazil'),(10582,'BLAUS',3,'1997-06-27 00:00:00','1997-07-25 00:00:00','1997-07-14 00:00:00',2,27.7100,'Blauer See Delikatessen','Forsterstr. 57','Mannheim',NULL,'68306','Germany'),(10583,'WARTH',2,'1997-06-30 00:00:00','1997-07-28 00:00:00','1997-07-04 00:00:00',2,7.2800,'Wartian Herkku','Torikatu 38','Oulu',NULL,'90110','Finland'),(10584,'BLONP',4,'1997-06-30 00:00:00','1997-07-28 00:00:00','1997-07-04 00:00:00',1,59.1400,'Blondel pre et fils','24, place Klber','Strasbourg',NULL,'67000','France'),(10585,'WELLI',7,'1997-07-01 00:00:00','1997-07-29 00:00:00','1997-07-10 00:00:00',1,13.4100,'Wellington Importadora','Rua do Mercado, 12','Resende','SP','08737-363','Brazil'),(10586,'REGGC',9,'1997-07-02 00:00:00','1997-07-30 00:00:00','1997-07-09 00:00:00',1,0.4800,'Reggiani Caseifici','Strada Provinciale 124','Reggio Emilia',NULL,'42100','Italy'),(10587,'QUEDE',1,'1997-07-02 00:00:00','1997-07-30 00:00:00','1997-07-09 00:00:00',1,62.5200,'Que Delcia','Rua da Panificadora, 12','Rio de Janeiro','RJ','02389-673','Brazil'),(10588,'QUICK',2,'1997-07-03 00:00:00','1997-07-31 00:00:00','1997-07-10 00:00:00',3,194.6700,'QUICK-Stop','Taucherstrae 10','Cunewalde',NULL,'1307','Germany'),(10589,'GREAL',8,'1997-07-04 00:00:00','1997-08-01 00:00:00','1997-07-14 00:00:00',2,4.4200,'Great Lakes Food Market','2732 Baker Blvd.','Eugene','OR','97403','USA'),(10590,'MEREP',4,'1997-07-07 00:00:00','1997-08-04 00:00:00','1997-07-14 00:00:00',3,44.7700,'Mre Paillarde','43 rue St. Laurent','Montral','Qubec','H1J 1C3','Canada'),(10591,'VAFFE',1,'1997-07-07 00:00:00','1997-07-21 00:00:00','1997-07-16 00:00:00',1,55.9200,'Vaffeljernet','Smagsloget 45','rhus',NULL,'8200','Denmark'),(10592,'LEHMS',3,'1997-07-08 00:00:00','1997-08-05 00:00:00','1997-07-16 00:00:00',1,32.1000,'Lehmanns Marktstand','Magazinweg 7','Frankfurt a.M.',NULL,'60528','Germany'),(10593,'LEHMS',7,'1997-07-09 00:00:00','1997-08-06 00:00:00','1997-08-13 00:00:00',2,174.2000,'Lehmanns Marktstand','Magazinweg 7','Frankfurt a.M.',NULL,'60528','Germany'),(10594,'OLDWO',3,'1997-07-09 00:00:00','1997-08-06 00:00:00','1997-07-16 00:00:00',2,5.2400,'Old World Delicatessen','2743 Bering St.','Anchorage','AK','99508','USA'),(10595,'ERNSH',2,'1997-07-10 00:00:00','1997-08-07 00:00:00','1997-07-14 00:00:00',1,96.7800,'Ernst Handel','Kirchgasse 6','Graz',NULL,'8010','Austria'),(10596,'WHITC',8,'1997-07-11 00:00:00','1997-08-08 00:00:00','1997-08-12 00:00:00',1,16.3400,'White Clover Markets','1029 - 12th Ave. S.','Seattle','WA','98124','USA'),(10597,'PICCO',7,'1997-07-11 00:00:00','1997-08-08 00:00:00','1997-07-18 00:00:00',3,35.1200,'Piccolo und mehr','Geislweg 14','Salzburg',NULL,'5020','Austria'),(10598,'RATTC',1,'1997-07-14 00:00:00','1997-08-11 00:00:00','1997-07-18 00:00:00',3,44.4200,'Rattlesnake Canyon Grocery','2817 Milton Dr.','Albuquerque','NM','87110','USA'),(10599,'BSBEV',6,'1997-07-15 00:00:00','1997-08-26 00:00:00','1997-07-21 00:00:00',3,29.9800,'B-s Beverages','Fauntleroy Circus','London',NULL,'EC2 5NT','UK'),(10600,'HUNGC',4,'1997-07-16 00:00:00','1997-08-13 00:00:00','1997-07-21 00:00:00',1,45.1300,'Hungry Coyote Import Store','City Center Plaza 516 Main St.','Elgin','OR','97827','USA'),(10601,'HILAA',7,'1997-07-16 00:00:00','1997-08-27 00:00:00','1997-07-22 00:00:00',1,58.3000,'HILARION-Abastos','Carrera 22 con Ave. Carlos Soublette #8-35','San Cristbal','Tchira','5022','Venezuela'),(10602,'VAFFE',8,'1997-07-17 00:00:00','1997-08-14 00:00:00','1997-07-22 00:00:00',2,2.9200,'Vaffeljernet','Smagsloget 45','rhus',NULL,'8200','Denmark'),(10603,'SAVEA',8,'1997-07-18 00:00:00','1997-08-15 00:00:00','1997-08-08 00:00:00',2,48.7700,'Save-a-lot Markets','187 Suffolk Ln.','Boise','ID','83720','USA'),(10604,'FURIB',1,'1997-07-18 00:00:00','1997-08-15 00:00:00','1997-07-29 00:00:00',1,7.4600,'Furia Bacalhau e Frutos do Mar','Jardim das rosas n. 32','Lisboa',NULL,'1675','Portugal'),(10605,'MEREP',1,'1997-07-21 00:00:00','1997-08-18 00:00:00','1997-07-29 00:00:00',2,379.1300,'Mre Paillarde','43 rue St. Laurent','Montral','Qubec','H1J 1C3','Canada'),(10606,'TRADH',4,'1997-07-22 00:00:00','1997-08-19 00:00:00','1997-07-31 00:00:00',3,79.4000,'Tradiao Hipermercados','Av. Ins de Castro, 414','Sao Paulo','SP','05634-030','Brazil'),(10607,'SAVEA',5,'1997-07-22 00:00:00','1997-08-19 00:00:00','1997-07-25 00:00:00',1,200.2400,'Save-a-lot Markets','187 Suffolk Ln.','Boise','ID','83720','USA'),(10608,'TOMSP',4,'1997-07-23 00:00:00','1997-08-20 00:00:00','1997-08-01 00:00:00',2,27.7900,'Toms Spezialitten','Luisenstr. 48','Mnster',NULL,'44087','Germany'),(10609,'DUMON',7,'1997-07-24 00:00:00','1997-08-21 00:00:00','1997-07-30 00:00:00',2,1.8500,'Du monde entier','67, rue des Cinquante Otages','Nantes',NULL,'44000','France'),(10610,'LAMAI',8,'1997-07-25 00:00:00','1997-08-22 00:00:00','1997-08-06 00:00:00',1,26.7800,'La maison d-Asie','1 rue Alsace-Lorraine','Toulouse',NULL,'31000','France'),(10611,'WOLZA',6,'1997-07-25 00:00:00','1997-08-22 00:00:00','1997-08-01 00:00:00',2,80.6500,'Wolski Zajazd','ul. Filtrowa 68','Warszawa',NULL,'01-012','Poland'),(10612,'SAVEA',1,'1997-07-28 00:00:00','1997-08-25 00:00:00','1997-08-01 00:00:00',2,544.0800,'Save-a-lot Markets','187 Suffolk Ln.','Boise','ID','83720','USA'),(10613,'HILAA',4,'1997-07-29 00:00:00','1997-08-26 00:00:00','1997-08-01 00:00:00',2,8.1100,'HILARION-Abastos','Carrera 22 con Ave. Carlos Soublette #8-35','San Cristbal','Tchira','5022','Venezuela'),(10614,'BLAUS',8,'1997-07-29 00:00:00','1997-08-26 00:00:00','1997-08-01 00:00:00',3,1.9300,'Blauer See Delikatessen','Forsterstr. 57','Mannheim',NULL,'68306','Germany'),(10615,'WILMK',2,'1997-07-30 00:00:00','1997-08-27 00:00:00','1997-08-06 00:00:00',3,0.7500,'Wilman Kala','Keskuskatu 45','Helsinki',NULL,'21240','Finland'),(10616,'GREAL',1,'1997-07-31 00:00:00','1997-08-28 00:00:00','1997-08-05 00:00:00',2,116.5300,'Great Lakes Food Market','2732 Baker Blvd.','Eugene','OR','97403','USA'),(10617,'GREAL',4,'1997-07-31 00:00:00','1997-08-28 00:00:00','1997-08-04 00:00:00',2,18.5300,'Great Lakes Food Market','2732 Baker Blvd.','Eugene','OR','97403','USA'),(10618,'MEREP',1,'1997-08-01 00:00:00','1997-09-12 00:00:00','1997-08-08 00:00:00',1,154.6800,'Mre Paillarde','43 rue St. Laurent','Montral','Qubec','H1J 1C3','Canada'),(10619,'MEREP',3,'1997-08-04 00:00:00','1997-09-01 00:00:00','1997-08-07 00:00:00',3,91.0500,'Mre Paillarde','43 rue St. Laurent','Montral','Qubec','H1J 1C3','Canada'),(10620,'LAUGB',2,'1997-08-05 00:00:00','1997-09-02 00:00:00','1997-08-14 00:00:00',3,0.9400,'Laughing Bacchus Wine Cellars','2319 Elm St.','Vancouver','BC','V3F 2K1','Canada'),(10621,'ISLAT',4,'1997-08-05 00:00:00','1997-09-02 00:00:00','1997-08-11 00:00:00',2,23.7300,'Island Trading','Garden House Crowther Way','Cowes','Isle of Wight','PO31 7PJ','UK'),(10622,'RICAR',4,'1997-08-06 00:00:00','1997-09-03 00:00:00','1997-08-11 00:00:00',3,50.9700,'Ricardo Adocicados','Av. Copacabana, 267','Rio de Janeiro','RJ','02389-890','Brazil'),(10623,'FRANK',8,'1997-08-07 00:00:00','1997-09-04 00:00:00','1997-08-12 00:00:00',2,97.1800,'Frankenversand','Berliner Platz 43','Mnchen',NULL,'80805','Germany'),(10624,'THECR',4,'1997-08-07 00:00:00','1997-09-04 00:00:00','1997-08-19 00:00:00',2,94.8000,'The Cracker Box','55 Grizzly Peak Rd.','Butte','MT','59801','USA'),(10625,'ANATR',3,'1997-08-08 00:00:00','1997-09-05 00:00:00','1997-08-14 00:00:00',1,43.9000,'Ana Trujillo Emparedados y helados','Avda. de la Constitucin 2222','Mxico D.F.',NULL,'5021','Mexico'),(10626,'BERGS',1,'1997-08-11 00:00:00','1997-09-08 00:00:00','1997-08-20 00:00:00',2,138.6900,'Berglunds snabbkp','Berguvsvgen 8','Lule',NULL,'S-958 22','Sweden'),(10627,'SAVEA',8,'1997-08-11 00:00:00','1997-09-22 00:00:00','1997-08-21 00:00:00',3,107.4600,'Save-a-lot Markets','187 Suffolk Ln.','Boise','ID','83720','USA'),(10628,'BLONP',4,'1997-08-12 00:00:00','1997-09-09 00:00:00','1997-08-20 00:00:00',3,30.3600,'Blondel pre et fils','24, place Klber','Strasbourg',NULL,'67000','France'),(10629,'GODOS',4,'1997-08-12 00:00:00','1997-09-09 00:00:00','1997-08-20 00:00:00',3,85.4600,'Godos Cocina Tpica','C/ Romero, 33','Sevilla',NULL,'41101','Spain'),(10630,'KOENE',1,'1997-08-13 00:00:00','1997-09-10 00:00:00','1997-08-19 00:00:00',2,32.3500,'Kniglich Essen','Maubelstr. 90','Brandenburg',NULL,'14776','Germany'),(10631,'LAMAI',8,'1997-08-14 00:00:00','1997-09-11 00:00:00','1997-08-15 00:00:00',1,0.8700,'La maison d-Asie','1 rue Alsace-Lorraine','Toulouse',NULL,'31000','France'),(10632,'WANDK',8,'1997-08-14 00:00:00','1997-09-11 00:00:00','1997-08-19 00:00:00',1,41.3800,'Die Wandernde Kuh','Adenauerallee 900','Stuttgart',NULL,'70563','Germany'),(10633,'ERNSH',7,'1997-08-15 00:00:00','1997-09-12 00:00:00','1997-08-18 00:00:00',3,477.9000,'Ernst Handel','Kirchgasse 6','Graz',NULL,'8010','Austria'),(10634,'FOLIG',4,'1997-08-15 00:00:00','1997-09-12 00:00:00','1997-08-21 00:00:00',3,487.3800,'Folies gourmandes','184, chausse de Tournai','Lille',NULL,'59000','France'),(10635,'MAGAA',8,'1997-08-18 00:00:00','1997-09-15 00:00:00','1997-08-21 00:00:00',3,47.4600,'Magazzini Alimentari Riuniti','Via Ludovico il Moro 22','Bergamo',NULL,'24100','Italy'),(10636,'WARTH',4,'1997-08-19 00:00:00','1997-09-16 00:00:00','1997-08-26 00:00:00',1,1.1500,'Wartian Herkku','Torikatu 38','Oulu',NULL,'90110','Finland'),(10637,'QUEEN',6,'1997-08-19 00:00:00','1997-09-16 00:00:00','1997-08-26 00:00:00',1,201.2900,'Queen Cozinha','Alameda dos Canrios, 891','Sao Paulo','SP','05487-020','Brazil'),(10638,'LINOD',3,'1997-08-20 00:00:00','1997-09-17 00:00:00','1997-09-01 00:00:00',1,158.4400,'LINO-Delicateses','Ave. 5 de Mayo Porlamar','I. de Margarita','Nueva Esparta','4980','Venezuela'),(10639,'SANTG',7,'1997-08-20 00:00:00','1997-09-17 00:00:00','1997-08-27 00:00:00',3,38.6400,'Sant Gourmet','Erling Skakkes gate 78','Stavern',NULL,'4110','Norway'),(10640,'WANDK',4,'1997-08-21 00:00:00','1997-09-18 00:00:00','1997-08-28 00:00:00',1,23.5500,'Die Wandernde Kuh','Adenauerallee 900','Stuttgart',NULL,'70563','Germany'),(10641,'HILAA',4,'1997-08-22 00:00:00','1997-09-19 00:00:00','1997-08-26 00:00:00',2,179.6100,'HILARION-Abastos','Carrera 22 con Ave. Carlos Soublette #8-35','San Cristbal','Tchira','5022','Venezuela'),(10642,'SIMOB',7,'1997-08-22 00:00:00','1997-09-19 00:00:00','1997-09-05 00:00:00',3,41.8900,'Simons bistro','Vinbltet 34','Kobenhavn',NULL,'1734','Denmark'),(10643,'ALFKI',6,'1997-08-25 00:00:00','1997-09-22 00:00:00','1997-09-02 00:00:00',1,29.4600,'Alfreds Futterkiste','Obere Str. 57','Berlin',NULL,'12209','Germany'),(10644,'WELLI',3,'1997-08-25 00:00:00','1997-09-22 00:00:00','1997-09-01 00:00:00',2,0.1400,'Wellington Importadora','Rua do Mercado, 12','Resende','SP','08737-363','Brazil'),(10645,'HANAR',4,'1997-08-26 00:00:00','1997-09-23 00:00:00','1997-09-02 00:00:00',1,12.4100,'Hanari Carnes','Rua do Pao, 67','Rio de Janeiro','RJ','05454-876','Brazil'),(10646,'HUNGO',9,'1997-08-27 00:00:00','1997-10-08 00:00:00','1997-09-03 00:00:00',3,142.3300,'Hungry Owl All-Night Grocers','8 Johnstown Road','Cork','Co. Cork',NULL,'Ireland'),(10647,'QUEDE',4,'1997-08-27 00:00:00','1997-09-10 00:00:00','1997-09-03 00:00:00',2,45.5400,'Que Delcia','Rua da Panificadora, 12','Rio de Janeiro','RJ','02389-673','Brazil'),(10648,'RICAR',5,'1997-08-28 00:00:00','1997-10-09 00:00:00','1997-09-09 00:00:00',2,14.2500,'Ricardo Adocicados','Av. Copacabana, 267','Rio de Janeiro','RJ','02389-890','Brazil'),(10649,'MAISD',5,'1997-08-28 00:00:00','1997-09-25 00:00:00','1997-08-29 00:00:00',3,6.2000,'Maison Dewey','Rue Joseph-Bens 532','Bruxelles',NULL,'B-1180','Belgium'),(10650,'FAMIA',5,'1997-08-29 00:00:00','1997-09-26 00:00:00','1997-09-03 00:00:00',3,176.8100,'Familia Arquibaldo','Rua Ors, 92','Sao Paulo','SP','05442-030','Brazil'),(10651,'WANDK',8,'1997-09-01 00:00:00','1997-09-29 00:00:00','1997-09-11 00:00:00',2,20.6000,'Die Wandernde Kuh','Adenauerallee 900','Stuttgart',NULL,'70563','Germany'),(10652,'GOURL',4,'1997-09-01 00:00:00','1997-09-29 00:00:00','1997-09-08 00:00:00',2,7.1400,'Gourmet Lanchonetes','Av. Brasil, 442','Campinas','SP','04876-786','Brazil'),(10653,'FRANK',1,'1997-09-02 00:00:00','1997-09-30 00:00:00','1997-09-19 00:00:00',1,93.2500,'Frankenversand','Berliner Platz 43','Mnchen',NULL,'80805','Germany'),(10654,'BERGS',5,'1997-09-02 00:00:00','1997-09-30 00:00:00','1997-09-11 00:00:00',1,55.2600,'Berglunds snabbkp','Berguvsvgen 8','Lule',NULL,'S-958 22','Sweden'),(10655,'REGGC',1,'1997-09-03 00:00:00','1997-10-01 00:00:00','1997-09-11 00:00:00',2,4.4100,'Reggiani Caseifici','Strada Provinciale 124','Reggio Emilia',NULL,'42100','Italy'),(10656,'GREAL',6,'1997-09-04 00:00:00','1997-10-02 00:00:00','1997-09-10 00:00:00',1,57.1500,'Great Lakes Food Market','2732 Baker Blvd.','Eugene','OR','97403','USA'),(10657,'SAVEA',2,'1997-09-04 00:00:00','1997-10-02 00:00:00','1997-09-15 00:00:00',2,352.6900,'Save-a-lot Markets','187 Suffolk Ln.','Boise','ID','83720','USA'),(10658,'QUICK',4,'1997-09-05 00:00:00','1997-10-03 00:00:00','1997-09-08 00:00:00',1,364.1500,'QUICK-Stop','Taucherstrae 10','Cunewalde',NULL,'1307','Germany'),(10659,'QUEEN',7,'1997-09-05 00:00:00','1997-10-03 00:00:00','1997-09-10 00:00:00',2,105.8100,'Queen Cozinha','Alameda dos Canrios, 891','Sao Paulo','SP','05487-020','Brazil'),(10660,'HUNGC',8,'1997-09-08 00:00:00','1997-10-06 00:00:00','1997-10-15 00:00:00',1,111.2900,'Hungry Coyote Import Store','City Center Plaza 516 Main St.','Elgin','OR','97827','USA'),(10661,'HUNGO',7,'1997-09-09 00:00:00','1997-10-07 00:00:00','1997-09-15 00:00:00',3,17.5500,'Hungry Owl All-Night Grocers','8 Johnstown Road','Cork','Co. Cork',NULL,'Ireland'),(10662,'LONEP',3,'1997-09-09 00:00:00','1997-10-07 00:00:00','1997-09-18 00:00:00',2,1.2800,'Lonesome Pine Restaurant','89 Chiaroscuro Rd.','Portland','OR','97219','USA'),(10663,'BONAP',2,'1997-09-10 00:00:00','1997-09-24 00:00:00','1997-10-03 00:00:00',2,113.1500,'Bon app-','12, rue des Bouchers','Marseille',NULL,'13008','France'),(10664,'FURIB',1,'1997-09-10 00:00:00','1997-10-08 00:00:00','1997-09-19 00:00:00',3,1.2700,'Furia Bacalhau e Frutos do Mar','Jardim das rosas n. 32','Lisboa',NULL,'1675','Portugal'),(10665,'LONEP',1,'1997-09-11 00:00:00','1997-10-09 00:00:00','1997-09-17 00:00:00',2,26.3100,'Lonesome Pine Restaurant','89 Chiaroscuro Rd.','Portland','OR','97219','USA'),(10666,'RICSU',7,'1997-09-12 00:00:00','1997-10-10 00:00:00','1997-09-22 00:00:00',2,232.4200,'Richter Supermarkt','Starenweg 5','Genve',NULL,'1204','Switzerland'),(10667,'ERNSH',7,'1997-09-12 00:00:00','1997-10-10 00:00:00','1997-09-19 00:00:00',1,78.0900,'Ernst Handel','Kirchgasse 6','Graz',NULL,'8010','Austria'),(10668,'WANDK',1,'1997-09-15 00:00:00','1997-10-13 00:00:00','1997-09-23 00:00:00',2,47.2200,'Die Wandernde Kuh','Adenauerallee 900','Stuttgart',NULL,'70563','Germany'),(10669,'SIMOB',2,'1997-09-15 00:00:00','1997-10-13 00:00:00','1997-09-22 00:00:00',1,24.3900,'Simons bistro','Vinbltet 34','Kobenhavn',NULL,'1734','Denmark'),(10670,'FRANK',4,'1997-09-16 00:00:00','1997-10-14 00:00:00','1997-09-18 00:00:00',1,203.4800,'Frankenversand','Berliner Platz 43','Mnchen',NULL,'80805','Germany'),(10671,'FRANR',1,'1997-09-17 00:00:00','1997-10-15 00:00:00','1997-09-24 00:00:00',1,30.3400,'France restauration','54, rue Royale','Nantes',NULL,'44000','France'),(10672,'BERGS',9,'1997-09-17 00:00:00','1997-10-01 00:00:00','1997-09-26 00:00:00',2,95.7500,'Berglunds snabbkp','Berguvsvgen 8','Lule',NULL,'S-958 22','Sweden'),(10673,'WILMK',2,'1997-09-18 00:00:00','1997-10-16 00:00:00','1997-09-19 00:00:00',1,22.7600,'Wilman Kala','Keskuskatu 45','Helsinki',NULL,'21240','Finland'),(10674,'ISLAT',4,'1997-09-18 00:00:00','1997-10-16 00:00:00','1997-09-30 00:00:00',2,0.9000,'Island Trading','Garden House Crowther Way','Cowes','Isle of Wight','PO31 7PJ','UK'),(10675,'FRANK',5,'1997-09-19 00:00:00','1997-10-17 00:00:00','1997-09-23 00:00:00',2,31.8500,'Frankenversand','Berliner Platz 43','Mnchen',NULL,'80805','Germany'),(10676,'TORTU',2,'1997-09-22 00:00:00','1997-10-20 00:00:00','1997-09-29 00:00:00',2,2.0100,'Tortuga Restaurante','Avda. Azteca 123','Mxico D.F.',NULL,'5033','Mexico'),(10677,'ANTON',1,'1997-09-22 00:00:00','1997-10-20 00:00:00','1997-09-26 00:00:00',3,4.0300,'Antonio Moreno Taquera','Mataderos 2312','Mxico D.F.',NULL,'5023','Mexico'),(10678,'SAVEA',7,'1997-09-23 00:00:00','1997-10-21 00:00:00','1997-10-16 00:00:00',3,388.9800,'Save-a-lot Markets','187 Suffolk Ln.','Boise','ID','83720','USA'),(10679,'BLONP',8,'1997-09-23 00:00:00','1997-10-21 00:00:00','1997-09-30 00:00:00',3,27.9400,'Blondel pre et fils','24, place Klber','Strasbourg',NULL,'67000','France'),(10680,'OLDWO',1,'1997-09-24 00:00:00','1997-10-22 00:00:00','1997-09-26 00:00:00',1,26.6100,'Old World Delicatessen','2743 Bering St.','Anchorage','AK','99508','USA'),(10681,'GREAL',3,'1997-09-25 00:00:00','1997-10-23 00:00:00','1997-09-30 00:00:00',3,76.1300,'Great Lakes Food Market','2732 Baker Blvd.','Eugene','OR','97403','USA'),(10682,'ANTON',3,'1997-09-25 00:00:00','1997-10-23 00:00:00','1997-10-01 00:00:00',2,36.1300,'Antonio Moreno Taquera','Mataderos 2312','Mxico D.F.',NULL,'5023','Mexico'),(10683,'DUMON',2,'1997-09-26 00:00:00','1997-10-24 00:00:00','1997-10-01 00:00:00',1,4.4000,'Du monde entier','67, rue des Cinquante Otages','Nantes',NULL,'44000','France'),(10684,'OTTIK',3,'1997-09-26 00:00:00','1997-10-24 00:00:00','1997-09-30 00:00:00',1,145.6300,'Ottilies Kseladen','Mehrheimerstr. 369','Kln',NULL,'50739','Germany'),(10685,'GOURL',4,'1997-09-29 00:00:00','1997-10-13 00:00:00','1997-10-03 00:00:00',2,33.7500,'Gourmet Lanchonetes','Av. Brasil, 442','Campinas','SP','04876-786','Brazil'),(10686,'PICCO',2,'1997-09-30 00:00:00','1997-10-28 00:00:00','1997-10-08 00:00:00',1,96.5000,'Piccolo und mehr','Geislweg 14','Salzburg',NULL,'5020','Austria'),(10687,'HUNGO',9,'1997-09-30 00:00:00','1997-10-28 00:00:00','1997-10-30 00:00:00',2,296.4300,'Hungry Owl All-Night Grocers','8 Johnstown Road','Cork','Co. Cork',NULL,'Ireland'),(10688,'VAFFE',4,'1997-10-01 00:00:00','1997-10-15 00:00:00','1997-10-07 00:00:00',2,299.0900,'Vaffeljernet','Smagsloget 45','rhus',NULL,'8200','Denmark'),(10689,'BERGS',1,'1997-10-01 00:00:00','1997-10-29 00:00:00','1997-10-07 00:00:00',2,13.4200,'Berglunds snabbkp','Berguvsvgen 8','Lule',NULL,'S-958 22','Sweden'),(10690,'HANAR',1,'1997-10-02 00:00:00','1997-10-30 00:00:00','1997-10-03 00:00:00',1,15.8000,'Hanari Carnes','Rua do Pao, 67','Rio de Janeiro','RJ','05454-876','Brazil'),(10691,'QUICK',2,'1997-10-03 00:00:00','1997-11-14 00:00:00','1997-10-22 00:00:00',2,810.0500,'QUICK-Stop','Taucherstrae 10','Cunewalde',NULL,'1307','Germany'),(10692,'ALFKI',4,'1997-10-03 00:00:00','1997-10-31 00:00:00','1997-10-13 00:00:00',2,61.0200,'Alfred-s Futterkiste','Obere Str. 57','Berlin',NULL,'12209','Germany'),(10693,'WHITC',3,'1997-10-06 00:00:00','1997-10-20 00:00:00','1997-10-10 00:00:00',3,139.3400,'White Clover Markets','1029 - 12th Ave. S.','Seattle','WA','98124','USA'),(10694,'QUICK',8,'1997-10-06 00:00:00','1997-11-03 00:00:00','1997-10-09 00:00:00',3,398.3600,'QUICK-Stop','Taucherstrae 10','Cunewalde',NULL,'1307','Germany'),(10695,'WILMK',7,'1997-10-07 00:00:00','1997-11-18 00:00:00','1997-10-14 00:00:00',1,16.7200,'Wilman Kala','Keskuskatu 45','Helsinki',NULL,'21240','Finland'),(10696,'WHITC',8,'1997-10-08 00:00:00','1997-11-19 00:00:00','1997-10-14 00:00:00',3,102.5500,'White Clover Markets','1029 - 12th Ave. S.','Seattle','WA','98124','USA'),(10697,'LINOD',3,'1997-10-08 00:00:00','1997-11-05 00:00:00','1997-10-14 00:00:00',1,45.5200,'LINO-Delicateses','Ave. 5 de Mayo Porlamar','I. de Margarita','Nueva Esparta','4980','Venezuela'),(10698,'ERNSH',4,'1997-10-09 00:00:00','1997-11-06 00:00:00','1997-10-17 00:00:00',1,272.4700,'Ernst Handel','Kirchgasse 6','Graz',NULL,'8010','Austria'),(10699,'MORGK',3,'1997-10-09 00:00:00','1997-11-06 00:00:00','1997-10-13 00:00:00',3,0.5800,'Morgenstern Gesundkost','Heerstr. 22','Leipzig',NULL,'4179','Germany'),(10700,'SAVEA',3,'1997-10-10 00:00:00','1997-11-07 00:00:00','1997-10-16 00:00:00',1,65.1000,'Save-a-lot Markets','187 Suffolk Ln.','Boise','ID','83720','USA'),(10701,'HUNGO',6,'1997-10-13 00:00:00','1997-10-27 00:00:00','1997-10-15 00:00:00',3,220.3100,'Hungry Owl All-Night Grocers','8 Johnstown Road','Cork','Co. Cork',NULL,'Ireland'),(10702,'ALFKI',4,'1997-10-13 00:00:00','1997-11-24 00:00:00','1997-10-21 00:00:00',1,23.9400,'Alfred-s Futterkiste','Obere Str. 57','Berlin',NULL,'12209','Germany'),(10703,'FOLKO',6,'1997-10-14 00:00:00','1997-11-11 00:00:00','1997-10-20 00:00:00',2,152.3000,'Folk och f HB','kergatan 24','Brcke',NULL,'S-844 67','Sweden'),(10704,'QUEEN',6,'1997-10-14 00:00:00','1997-11-11 00:00:00','1997-11-07 00:00:00',1,4.7800,'Queen Cozinha','Alameda dos Canrios, 891','Sao Paulo','SP','05487-020','Brazil'),(10705,'HILAA',9,'1997-10-15 00:00:00','1997-11-12 00:00:00','1997-11-18 00:00:00',2,3.5200,'HILARION-Abastos','Carrera 22 con Ave. Carlos Soublette #8-35','San Cristbal','Tchira','5022','Venezuela'),(10706,'OLDWO',8,'1997-10-16 00:00:00','1997-11-13 00:00:00','1997-10-21 00:00:00',3,135.6300,'Old World Delicatessen','2743 Bering St.','Anchorage','AK','99508','USA'),(10707,'AROUT',4,'1997-10-16 00:00:00','1997-10-30 00:00:00','1997-10-23 00:00:00',3,21.7400,'Around the Horn','Brook Farm Stratford St. Mary','Colchester','Essex','CO7 6JX','UK'),(10708,'THEBI',6,'1997-10-17 00:00:00','1997-11-28 00:00:00','1997-11-05 00:00:00',2,2.9600,'The Big Cheese','89 Jefferson Way Suite 2','Portland','OR','97201','USA'),(10709,'GOURL',1,'1997-10-17 00:00:00','1997-11-14 00:00:00','1997-11-20 00:00:00',3,210.8000,'Gourmet Lanchonetes','Av. Brasil, 442','Campinas','SP','04876-786','Brazil'),(10710,'FRANS',1,'1997-10-20 00:00:00','1997-11-17 00:00:00','1997-10-23 00:00:00',1,4.9800,'Franchi S.p.A.','Via Monte Bianco 34','Torino',NULL,'10100','Italy'),(10711,'SAVEA',5,'1997-10-21 00:00:00','1997-12-02 00:00:00','1997-10-29 00:00:00',2,52.4100,'Save-a-lot Markets','187 Suffolk Ln.','Boise','ID','83720','USA'),(10712,'HUNGO',3,'1997-10-21 00:00:00','1997-11-18 00:00:00','1997-10-31 00:00:00',1,89.9300,'Hungry Owl All-Night Grocers','8 Johnstown Road','Cork','Co. Cork',NULL,'Ireland'),(10713,'SAVEA',1,'1997-10-22 00:00:00','1997-11-19 00:00:00','1997-10-24 00:00:00',1,167.0500,'Save-a-lot Markets','187 Suffolk Ln.','Boise','ID','83720','USA'),(10714,'SAVEA',5,'1997-10-22 00:00:00','1997-11-19 00:00:00','1997-10-27 00:00:00',3,24.4900,'Save-a-lot Markets','187 Suffolk Ln.','Boise','ID','83720','USA'),(10715,'BONAP',3,'1997-10-23 00:00:00','1997-11-06 00:00:00','1997-10-29 00:00:00',1,63.2000,'Bon app-','12, rue des Bouchers','Marseille',NULL,'13008','France'),(10716,'RANCH',4,'1997-10-24 00:00:00','1997-11-21 00:00:00','1997-10-27 00:00:00',2,22.5700,'Rancho grande','Av. del Libertador 900','Buenos Aires',NULL,'1010','Argentina'),(10717,'FRANK',1,'1997-10-24 00:00:00','1997-11-21 00:00:00','1997-10-29 00:00:00',2,59.2500,'Frankenversand','Berliner Platz 43','Mnchen',NULL,'80805','Germany'),(10718,'KOENE',1,'1997-10-27 00:00:00','1997-11-24 00:00:00','1997-10-29 00:00:00',3,170.8800,'Kniglich Essen','Maubelstr. 90','Brandenburg',NULL,'14776','Germany'),(10719,'LETSS',8,'1997-10-27 00:00:00','1997-11-24 00:00:00','1997-11-05 00:00:00',2,51.4400,'Let-s Stop N Shop','87 Polk St. Suite 5','San Francisco','CA','94117','USA'),(10720,'QUEDE',8,'1997-10-28 00:00:00','1997-11-11 00:00:00','1997-11-05 00:00:00',2,9.5300,'Que Delcia','Rua da Panificadora, 12','Rio de Janeiro','RJ','02389-673','Brazil'),(10721,'QUICK',5,'1997-10-29 00:00:00','1997-11-26 00:00:00','1997-10-31 00:00:00',3,48.9200,'QUICK-Stop','Taucherstrae 10','Cunewalde',NULL,'1307','Germany'),(10722,'SAVEA',8,'1997-10-29 00:00:00','1997-12-10 00:00:00','1997-11-04 00:00:00',1,74.5800,'Save-a-lot Markets','187 Suffolk Ln.','Boise','ID','83720','USA'),(10723,'WHITC',3,'1997-10-30 00:00:00','1997-11-27 00:00:00','1997-11-25 00:00:00',1,21.7200,'White Clover Markets','1029 - 12th Ave. S.','Seattle','WA','98124','USA'),(10724,'MEREP',8,'1997-10-30 00:00:00','1997-12-11 00:00:00','1997-11-05 00:00:00',2,57.7500,'Mre Paillarde','43 rue St. Laurent','Montral','Qubec','H1J 1C3','Canada'),(10725,'FAMIA',4,'1997-10-31 00:00:00','1997-11-28 00:00:00','1997-11-05 00:00:00',3,10.8300,'Familia Arquibaldo','Rua Ors, 92','Sao Paulo','SP','05442-030','Brazil'),(10726,'EASTC',4,'1997-11-03 00:00:00','1997-11-17 00:00:00','1997-12-05 00:00:00',1,16.5600,'Eastern Connection','35 King George','London',NULL,'WX3 6FW','UK'),(10727,'REGGC',2,'1997-11-03 00:00:00','1997-12-01 00:00:00','1997-12-05 00:00:00',1,89.9000,'Reggiani Caseifici','Strada Provinciale 124','Reggio Emilia',NULL,'42100','Italy'),(10728,'QUEEN',4,'1997-11-04 00:00:00','1997-12-02 00:00:00','1997-11-11 00:00:00',2,58.3300,'Queen Cozinha','Alameda dos Canrios, 891','Sao Paulo','SP','05487-020','Brazil'),(10729,'LINOD',8,'1997-11-04 00:00:00','1997-12-16 00:00:00','1997-11-14 00:00:00',3,141.0600,'LINO-Delicateses','Ave. 5 de Mayo Porlamar','I. de Margarita','Nueva Esparta','4980','Venezuela'),(10730,'BONAP',5,'1997-11-05 00:00:00','1997-12-03 00:00:00','1997-11-14 00:00:00',1,20.1200,'Bon app-','12, rue des Bouchers','Marseille',NULL,'13008','France'),(10731,'CHOPS',7,'1997-11-06 00:00:00','1997-12-04 00:00:00','1997-11-14 00:00:00',1,96.6500,'Chop-suey Chinese','Hauptstr. 31','Bern',NULL,'3012','Switzerland'),(10732,'BONAP',3,'1997-11-06 00:00:00','1997-12-04 00:00:00','1997-11-07 00:00:00',1,16.9700,'Bon app-','12, rue des Bouchers','Marseille',NULL,'13008','France'),(10733,'BERGS',1,'1997-11-07 00:00:00','1997-12-05 00:00:00','1997-11-10 00:00:00',3,110.1100,'Berglunds snabbkp','Berguvsvgen 8','Lule',NULL,'S-958 22','Sweden'),(10734,'GOURL',2,'1997-11-07 00:00:00','1997-12-05 00:00:00','1997-11-12 00:00:00',3,1.6300,'Gourmet Lanchonetes','Av. Brasil, 442','Campinas','SP','04876-786','Brazil'),(10735,'LETSS',6,'1997-11-10 00:00:00','1997-12-08 00:00:00','1997-11-21 00:00:00',2,45.9700,'Let-s Stop N Shop','87 Polk St. Suite 5','San Francisco','CA','94117','USA'),(10736,'HUNGO',9,'1997-11-11 00:00:00','1997-12-09 00:00:00','1997-11-21 00:00:00',2,44.1000,'Hungry Owl All-Night Grocers','8 Johnstown Road','Cork','Co. Cork',NULL,'Ireland'),(10737,'VINET',2,'1997-11-11 00:00:00','1997-12-09 00:00:00','1997-11-18 00:00:00',2,7.7900,'Vins et alcools Chevalier','59 rue de l-Abbaye','Reims',NULL,'51100','France'),(10738,'SPECD',2,'1997-11-12 00:00:00','1997-12-10 00:00:00','1997-11-18 00:00:00',1,2.9100,'Spcialits du monde','25, rue Lauriston','Paris',NULL,'75016','France'),(10739,'VINET',3,'1997-11-12 00:00:00','1997-12-10 00:00:00','1997-11-17 00:00:00',3,11.0800,'Vins et alcools Chevalier','59 rue de l-Abbaye','Reims',NULL,'51100','France'),(10740,'WHITC',4,'1997-11-13 00:00:00','1997-12-11 00:00:00','1997-11-25 00:00:00',2,81.8800,'White Clover Markets','1029 - 12th Ave. S.','Seattle','WA','98124','USA'),(10741,'AROUT',4,'1997-11-14 00:00:00','1997-11-28 00:00:00','1997-11-18 00:00:00',3,10.9600,'Around the Horn','Brook Farm Stratford St. Mary','Colchester','Essex','CO7 6JX','UK'),(10742,'BOTTM',3,'1997-11-14 00:00:00','1997-12-12 00:00:00','1997-11-18 00:00:00',3,243.7300,'Bottom-Dollar Markets','23 Tsawassen Blvd.','Tsawassen','BC','T2F 8M4','Canada'),(10743,'AROUT',1,'1997-11-17 00:00:00','1997-12-15 00:00:00','1997-11-21 00:00:00',2,23.7200,'Around the Horn','Brook Farm Stratford St. Mary','Colchester','Essex','CO7 6JX','UK'),(10744,'VAFFE',6,'1997-11-17 00:00:00','1997-12-15 00:00:00','1997-11-24 00:00:00',1,69.1900,'Vaffeljernet','Smagsloget 45','rhus',NULL,'8200','Denmark'),(10745,'QUICK',9,'1997-11-18 00:00:00','1997-12-16 00:00:00','1997-11-27 00:00:00',1,3.5200,'QUICK-Stop','Taucherstrae 10','Cunewalde',NULL,'1307','Germany'),(10746,'CHOPS',1,'1997-11-19 00:00:00','1997-12-17 00:00:00','1997-11-21 00:00:00',3,31.4300,'Chop-suey Chinese','Hauptstr. 31','Bern',NULL,'3012','Switzerland'),(10747,'PICCO',6,'1997-11-19 00:00:00','1997-12-17 00:00:00','1997-11-26 00:00:00',1,117.3300,'Piccolo und mehr','Geislweg 14','Salzburg',NULL,'5020','Austria'),(10748,'SAVEA',3,'1997-11-20 00:00:00','1997-12-18 00:00:00','1997-11-28 00:00:00',1,232.5500,'Save-a-lot Markets','187 Suffolk Ln.','Boise','ID','83720','USA'),(10749,'ISLAT',4,'1997-11-20 00:00:00','1997-12-18 00:00:00','1997-12-19 00:00:00',2,61.5300,'Island Trading','Garden House Crowther Way','Cowes','Isle of Wight','PO31 7PJ','UK'),(10750,'WARTH',9,'1997-11-21 00:00:00','1997-12-19 00:00:00','1997-11-24 00:00:00',1,79.3000,'Wartian Herkku','Torikatu 38','Oulu',NULL,'90110','Finland'),(10751,'RICSU',3,'1997-11-24 00:00:00','1997-12-22 00:00:00','1997-12-03 00:00:00',3,130.7900,'Richter Supermarkt','Starenweg 5','Genve',NULL,'1204','Switzerland'),(10752,'NORTS',2,'1997-11-24 00:00:00','1997-12-22 00:00:00','1997-11-28 00:00:00',3,1.3900,'North/South','South House 300 Queensbridge','London',NULL,'SW7 1RZ','UK'),(10753,'FRANS',3,'1997-11-25 00:00:00','1997-12-23 00:00:00','1997-11-27 00:00:00',1,7.7000,'Franchi S.p.A.','Via Monte Bianco 34','Torino',NULL,'10100','Italy'),(10754,'MAGAA',6,'1997-11-25 00:00:00','1997-12-23 00:00:00','1997-11-27 00:00:00',3,2.3800,'Magazzini Alimentari Riuniti','Via Ludovico il Moro 22','Bergamo',NULL,'24100','Italy'),(10755,'BONAP',4,'1997-11-26 00:00:00','1997-12-24 00:00:00','1997-11-28 00:00:00',2,16.7100,'Bon app-','12, rue des Bouchers','Marseille',NULL,'13008','France'),(10756,'SPLIR',8,'1997-11-27 00:00:00','1997-12-25 00:00:00','1997-12-02 00:00:00',2,73.2100,'Split Rail Beer & Ale','P.O. Box 555','Lander','WY','82520','USA'),(10757,'SAVEA',6,'1997-11-27 00:00:00','1997-12-25 00:00:00','1997-12-15 00:00:00',1,8.1900,'Save-a-lot Markets','187 Suffolk Ln.','Boise','ID','83720','USA'),(10758,'RICSU',3,'1997-11-28 00:00:00','1997-12-26 00:00:00','1997-12-04 00:00:00',3,138.1700,'Richter Supermarkt','Starenweg 5','Genve',NULL,'1204','Switzerland'),(10759,'ANATR',3,'1997-11-28 00:00:00','1997-12-26 00:00:00','1997-12-12 00:00:00',3,11.9900,'Ana Trujillo Emparedados y helados','Avda. de la Constitucin 2222','Mxico D.F.',NULL,'5021','Mexico'),(10760,'MAISD',4,'1997-12-01 00:00:00','1997-12-29 00:00:00','1997-12-10 00:00:00',1,155.6400,'Maison Dewey','Rue Joseph-Bens 532','Bruxelles',NULL,'B-1180','Belgium'),(10761,'RATTC',5,'1997-12-02 00:00:00','1997-12-30 00:00:00','1997-12-08 00:00:00',2,18.6600,'Rattlesnake Canyon Grocery','2817 Milton Dr.','Albuquerque','NM','87110','USA'),(10762,'FOLKO',3,'1997-12-02 00:00:00','1997-12-30 00:00:00','1997-12-09 00:00:00',1,328.7400,'Folk och f HB','kergatan 24','Brcke',NULL,'S-844 67','Sweden'),(10763,'FOLIG',3,'1997-12-03 00:00:00','1997-12-31 00:00:00','1997-12-08 00:00:00',3,37.3500,'Folies gourmandes','184, chausse de Tournai','Lille',NULL,'59000','France'),(10764,'ERNSH',6,'1997-12-03 00:00:00','1997-12-31 00:00:00','1997-12-08 00:00:00',3,145.4500,'Ernst Handel','Kirchgasse 6','Graz',NULL,'8010','Austria'),(10765,'QUICK',3,'1997-12-04 00:00:00','1998-01-01 00:00:00','1997-12-09 00:00:00',3,42.7400,'QUICK-Stop','Taucherstrae 10','Cunewalde',NULL,'1307','Germany'),(10766,'OTTIK',4,'1997-12-05 00:00:00','1998-01-02 00:00:00','1997-12-09 00:00:00',1,157.5500,'Ottilies Kseladen','Mehrheimerstr. 369','Kln',NULL,'50739','Germany'),(10767,'SUPRD',4,'1997-12-05 00:00:00','1998-01-02 00:00:00','1997-12-15 00:00:00',3,1.5900,'Suprmes dlices','Boulevard Tirou, 255','Charleroi',NULL,'B-6000','Belgium'),(10768,'AROUT',3,'1997-12-08 00:00:00','1998-01-05 00:00:00','1997-12-15 00:00:00',2,146.3200,'Around the Horn','Brook Farm Stratford St. Mary','Colchester','Essex','CO7 6JX','UK'),(10769,'VAFFE',3,'1997-12-08 00:00:00','1998-01-05 00:00:00','1997-12-12 00:00:00',1,65.0600,'Vaffeljernet','Smagsloget 45','rhus',NULL,'8200','Denmark'),(10770,'HANAR',8,'1997-12-09 00:00:00','1998-01-06 00:00:00','1997-12-17 00:00:00',3,5.3200,'Hanari Carnes','Rua do Pao, 67','Rio de Janeiro','RJ','05454-876','Brazil'),(10771,'ERNSH',9,'1997-12-10 00:00:00','1998-01-07 00:00:00','1998-01-02 00:00:00',2,11.1900,'Ernst Handel','Kirchgasse 6','Graz',NULL,'8010','Austria'),(10772,'LEHMS',3,'1997-12-10 00:00:00','1998-01-07 00:00:00','1997-12-19 00:00:00',2,91.2800,'Lehmanns Marktstand','Magazinweg 7','Frankfurt a.M.',NULL,'60528','Germany'),(10773,'ERNSH',1,'1997-12-11 00:00:00','1998-01-08 00:00:00','1997-12-16 00:00:00',3,96.4300,'Ernst Handel','Kirchgasse 6','Graz',NULL,'8010','Austria'),(10774,'FOLKO',4,'1997-12-11 00:00:00','1997-12-25 00:00:00','1997-12-12 00:00:00',1,48.2000,'Folk och f HB','kergatan 24','Brcke',NULL,'S-844 67','Sweden'),(10775,'THECR',7,'1997-12-12 00:00:00','1998-01-09 00:00:00','1997-12-26 00:00:00',1,20.2500,'The Cracker Box','55 Grizzly Peak Rd.','Butte','MT','59801','USA'),(10776,'ERNSH',1,'1997-12-15 00:00:00','1998-01-12 00:00:00','1997-12-18 00:00:00',3,351.5300,'Ernst Handel','Kirchgasse 6','Graz',NULL,'8010','Austria'),(10777,'GOURL',7,'1997-12-15 00:00:00','1997-12-29 00:00:00','1998-01-21 00:00:00',2,3.0100,'Gourmet Lanchonetes','Av. Brasil, 442','Campinas','SP','04876-786','Brazil'),(10778,'BERGS',3,'1997-12-16 00:00:00','1998-01-13 00:00:00','1997-12-24 00:00:00',1,6.7900,'Berglunds snabbkp','Berguvsvgen 8','Lule',NULL,'S-958 22','Sweden'),(10779,'MORGK',3,'1997-12-16 00:00:00','1998-01-13 00:00:00','1998-01-14 00:00:00',2,58.1300,'Morgenstern Gesundkost','Heerstr. 22','Leipzig',NULL,'4179','Germany'),(10780,'LILAS',2,'1997-12-16 00:00:00','1997-12-30 00:00:00','1997-12-25 00:00:00',1,42.1300,'LILA-Supermercado','Carrera 52 con Ave. Bolvar #65-98 Llano Largo','Barquisimeto','Lara','3508','Venezuela'),(10781,'WARTH',2,'1997-12-17 00:00:00','1998-01-14 00:00:00','1997-12-19 00:00:00',3,73.1600,'Wartian Herkku','Torikatu 38','Oulu',NULL,'90110','Finland'),(10782,'CACTU',9,'1997-12-17 00:00:00','1998-01-14 00:00:00','1997-12-22 00:00:00',3,1.1000,'Cactus Comidas para llevar','Cerrito 333','Buenos Aires',NULL,'1010','Argentina'),(10783,'HANAR',4,'1997-12-18 00:00:00','1998-01-15 00:00:00','1997-12-19 00:00:00',2,124.9800,'Hanari Carnes','Rua do Pao, 67','Rio de Janeiro','RJ','05454-876','Brazil'),(10784,'MAGAA',4,'1997-12-18 00:00:00','1998-01-15 00:00:00','1997-12-22 00:00:00',3,70.0900,'Magazzini Alimentari Riuniti','Via Ludovico il Moro 22','Bergamo',NULL,'24100','Italy'),(10785,'GROSR',1,'1997-12-18 00:00:00','1998-01-15 00:00:00','1997-12-24 00:00:00',3,1.5100,'GROSELLA-Restaurante','5 Ave. Los Palos Grandes','Caracas','DF','1081','Venezuela'),(10786,'QUEEN',8,'1997-12-19 00:00:00','1998-01-16 00:00:00','1997-12-23 00:00:00',1,110.8700,'Queen Cozinha','Alameda dos Canrios, 891','Sao Paulo','SP','05487-020','Brazil'),(10787,'LAMAI',2,'1997-12-19 00:00:00','1998-01-02 00:00:00','1997-12-26 00:00:00',1,249.9300,'La maison d-Asie','1 rue Alsace-Lorraine','Toulouse',NULL,'31000','France'),(10788,'QUICK',1,'1997-12-22 00:00:00','1998-01-19 00:00:00','1998-01-19 00:00:00',2,42.7000,'QUICK-Stop','Taucherstrae 10','Cunewalde',NULL,'1307','Germany'),(10789,'FOLIG',1,'1997-12-22 00:00:00','1998-01-19 00:00:00','1997-12-31 00:00:00',2,100.6000,'Folies gourmandes','184, chausse de Tournai','Lille',NULL,'59000','France'),(10790,'GOURL',6,'1997-12-22 00:00:00','1998-01-19 00:00:00','1997-12-26 00:00:00',1,28.2300,'Gourmet Lanchonetes','Av. Brasil, 442','Campinas','SP','04876-786','Brazil'),(10791,'FRANK',6,'1997-12-23 00:00:00','1998-01-20 00:00:00','1998-01-01 00:00:00',2,16.8500,'Frankenversand','Berliner Platz 43','Mnchen',NULL,'80805','Germany'),(10792,'WOLZA',1,'1997-12-23 00:00:00','1998-01-20 00:00:00','1997-12-31 00:00:00',3,23.7900,'Wolski Zajazd','ul. Filtrowa 68','Warszawa',NULL,'01-012','Poland'),(10793,'AROUT',3,'1997-12-24 00:00:00','1998-01-21 00:00:00','1998-01-08 00:00:00',3,4.5200,'Around the Horn','Brook Farm Stratford St. Mary','Colchester','Essex','CO7 6JX','UK'),(10794,'QUEDE',6,'1997-12-24 00:00:00','1998-01-21 00:00:00','1998-01-02 00:00:00',1,21.4900,'Que Delcia','Rua da Panificadora, 12','Rio de Janeiro','RJ','02389-673','Brazil'),(10795,'ERNSH',8,'1997-12-24 00:00:00','1998-01-21 00:00:00','1998-01-20 00:00:00',2,126.6600,'Ernst Handel','Kirchgasse 6','Graz',NULL,'8010','Austria'),(10796,'HILAA',3,'1997-12-25 00:00:00','1998-01-22 00:00:00','1998-01-14 00:00:00',1,26.5200,'HILARION-Abastos','Carrera 22 con Ave. Carlos Soublette #8-35','San Cristbal','Tchira','5022','Venezuela'),(10797,'DRACD',7,'1997-12-25 00:00:00','1998-01-22 00:00:00','1998-01-05 00:00:00',2,33.3500,'Drachenblut Delikatessen','Walserweg 21','Aachen',NULL,'52066','Germany'),(10798,'ISLAT',2,'1997-12-26 00:00:00','1998-01-23 00:00:00','1998-01-05 00:00:00',1,2.3300,'Island Trading','Garden House Crowther Way','Cowes','Isle of Wight','PO31 7PJ','UK'),(10799,'KOENE',9,'1997-12-26 00:00:00','1998-02-06 00:00:00','1998-01-05 00:00:00',3,30.7600,'Kniglich Essen','Maubelstr. 90','Brandenburg',NULL,'14776','Germany'),(10800,'SEVES',1,'1997-12-26 00:00:00','1998-01-23 00:00:00','1998-01-05 00:00:00',3,137.4400,'Seven Seas Imports','90 Wadhurst Rd.','London',NULL,'OX15 4NB','UK'),(10801,'BOLID',4,'1997-12-29 00:00:00','1998-01-26 00:00:00','1997-12-31 00:00:00',2,97.0900,'Blido Comidas preparadas','C/ Araquil, 67','Madrid',NULL,'28023','Spain'),(10802,'SIMOB',4,'1997-12-29 00:00:00','1998-01-26 00:00:00','1998-01-02 00:00:00',2,257.2600,'Simons bistro','Vinbltet 34','Kobenhavn',NULL,'1734','Denmark'),(10803,'WELLI',4,'1997-12-30 00:00:00','1998-01-27 00:00:00','1998-01-06 00:00:00',1,55.2300,'Wellington Importadora','Rua do Mercado, 12','Resende','SP','08737-363','Brazil'),(10804,'SEVES',6,'1997-12-30 00:00:00','1998-01-27 00:00:00','1998-01-07 00:00:00',2,27.3300,'Seven Seas Imports','90 Wadhurst Rd.','London',NULL,'OX15 4NB','UK'),(10805,'THEBI',2,'1997-12-30 00:00:00','1998-01-27 00:00:00','1998-01-09 00:00:00',3,237.3400,'The Big Cheese','89 Jefferson Way Suite 2','Portland','OR','97201','USA'),(10806,'VICTE',3,'1997-12-31 00:00:00','1998-01-28 00:00:00','1998-01-05 00:00:00',2,22.1100,'Victuailles en stock','2, rue du Commerce','Lyon',NULL,'69004','France'),(10807,'FRANS',4,'1997-12-31 00:00:00','1998-01-28 00:00:00','1998-01-30 00:00:00',1,1.3600,'Franchi S.p.A.','Via Monte Bianco 34','Torino',NULL,'10100','Italy'),(10808,'OLDWO',2,'1998-01-01 00:00:00','1998-01-29 00:00:00','1998-01-09 00:00:00',3,45.5300,'Old World Delicatessen','2743 Bering St.','Anchorage','AK','99508','USA'),(10809,'WELLI',7,'1998-01-01 00:00:00','1998-01-29 00:00:00','1998-01-07 00:00:00',1,4.8700,'Wellington Importadora','Rua do Mercado, 12','Resende','SP','08737-363','Brazil'),(10810,'LAUGB',2,'1998-01-01 00:00:00','1998-01-29 00:00:00','1998-01-07 00:00:00',3,4.3300,'Laughing Bacchus Wine Cellars','2319 Elm St.','Vancouver','BC','V3F 2K1','Canada'),(10811,'LINOD',8,'1998-01-02 00:00:00','1998-01-30 00:00:00','1998-01-08 00:00:00',1,31.2200,'LINO-Delicateses','Ave. 5 de Mayo Porlamar','I. de Margarita','Nueva Esparta','4980','Venezuela'),(10812,'REGGC',5,'1998-01-02 00:00:00','1998-01-30 00:00:00','1998-01-12 00:00:00',1,59.7800,'Reggiani Caseifici','Strada Provinciale 124','Reggio Emilia',NULL,'42100','Italy'),(10813,'RICAR',1,'1998-01-05 00:00:00','1998-02-02 00:00:00','1998-01-09 00:00:00',1,47.3800,'Ricardo Adocicados','Av. Copacabana, 267','Rio de Janeiro','RJ','02389-890','Brazil'),(10814,'VICTE',3,'1998-01-05 00:00:00','1998-02-02 00:00:00','1998-01-14 00:00:00',3,130.9400,'Victuailles en stock','2, rue du Commerce','Lyon',NULL,'69004','France'),(10815,'SAVEA',2,'1998-01-05 00:00:00','1998-02-02 00:00:00','1998-01-14 00:00:00',3,14.6200,'Save-a-lot Markets','187 Suffolk Ln.','Boise','ID','83720','USA'),(10816,'GREAL',4,'1998-01-06 00:00:00','1998-02-03 00:00:00','1998-02-04 00:00:00',2,719.7800,'Great Lakes Food Market','2732 Baker Blvd.','Eugene','OR','97403','USA'),(10817,'KOENE',3,'1998-01-06 00:00:00','1998-01-20 00:00:00','1998-01-13 00:00:00',2,306.0700,'Kniglich Essen','Maubelstr. 90','Brandenburg',NULL,'14776','Germany'),(10818,'MAGAA',7,'1998-01-07 00:00:00','1998-02-04 00:00:00','1998-01-12 00:00:00',3,65.4800,'Magazzini Alimentari Riuniti','Via Ludovico il Moro 22','Bergamo',NULL,'24100','Italy'),(10819,'CACTU',2,'1998-01-07 00:00:00','1998-02-04 00:00:00','1998-01-16 00:00:00',3,19.7600,'Cactus Comidas para llevar','Cerrito 333','Buenos Aires',NULL,'1010','Argentina'),(10820,'RATTC',3,'1998-01-07 00:00:00','1998-02-04 00:00:00','1998-01-13 00:00:00',2,37.5200,'Rattlesnake Canyon Grocery','2817 Milton Dr.','Albuquerque','NM','87110','USA'),(10821,'SPLIR',1,'1998-01-08 00:00:00','1998-02-05 00:00:00','1998-01-15 00:00:00',1,36.6800,'Split Rail Beer & Ale','P.O. Box 555','Lander','WY','82520','USA'),(10822,'TRAIH',6,'1998-01-08 00:00:00','1998-02-05 00:00:00','1998-01-16 00:00:00',3,7.0000,'Trail-s Head Gourmet Provisioners','722 DaVinci Blvd.','Kirkland','WA','98034','USA'),(10823,'LILAS',5,'1998-01-09 00:00:00','1998-02-06 00:00:00','1998-01-13 00:00:00',2,163.9700,'LILA-Supermercado','Carrera 52 con Ave. Bolvar #65-98 Llano Largo','Barquisimeto','Lara','3508','Venezuela'),(10824,'FOLKO',8,'1998-01-09 00:00:00','1998-02-06 00:00:00','1998-01-30 00:00:00',1,1.2300,'Folk och f HB','kergatan 24','Brcke',NULL,'S-844 67','Sweden'),(10825,'DRACD',1,'1998-01-09 00:00:00','1998-02-06 00:00:00','1998-01-14 00:00:00',1,79.2500,'Drachenblut Delikatessen','Walserweg 21','Aachen',NULL,'52066','Germany'),(10826,'BLONP',6,'1998-01-12 00:00:00','1998-02-09 00:00:00','1998-02-06 00:00:00',1,7.0900,'Blondel pre et fils','24, place Klber','Strasbourg',NULL,'67000','France'),(10827,'BONAP',1,'1998-01-12 00:00:00','1998-01-26 00:00:00','1998-02-06 00:00:00',2,63.5400,'Bon app-','12, rue des Bouchers','Marseille',NULL,'13008','France'),(10828,'RANCH',9,'1998-01-13 00:00:00','1998-01-27 00:00:00','1998-02-04 00:00:00',1,90.8500,'Rancho grande','Av. del Libertador 900','Buenos Aires',NULL,'1010','Argentina'),(10829,'ISLAT',9,'1998-01-13 00:00:00','1998-02-10 00:00:00','1998-01-23 00:00:00',1,154.7200,'Island Trading','Garden House Crowther Way','Cowes','Isle of Wight','PO31 7PJ','UK'),(10830,'TRADH',4,'1998-01-13 00:00:00','1998-02-24 00:00:00','1998-01-21 00:00:00',2,81.8300,'Tradiao Hipermercados','Av. Ins de Castro, 414','Sao Paulo','SP','05634-030','Brazil'),(10831,'SANTG',3,'1998-01-14 00:00:00','1998-02-11 00:00:00','1998-01-23 00:00:00',2,72.1900,'Sant Gourmet','Erling Skakkes gate 78','Stavern',NULL,'4110','Norway'),(10832,'LAMAI',2,'1998-01-14 00:00:00','1998-02-11 00:00:00','1998-01-19 00:00:00',2,43.2600,'La maison d-Asie','1 rue Alsace-Lorraine','Toulouse',NULL,'31000','France'),(10833,'OTTIK',6,'1998-01-15 00:00:00','1998-02-12 00:00:00','1998-01-23 00:00:00',2,71.4900,'Ottilies Kseladen','Mehrheimerstr. 369','Kln',NULL,'50739','Germany'),(10834,'TRADH',1,'1998-01-15 00:00:00','1998-02-12 00:00:00','1998-01-19 00:00:00',3,29.7800,'Tradiao Hipermercados','Av. Ins de Castro, 414','Sao Paulo','SP','05634-030','Brazil'),(10835,'ALFKI',1,'1998-01-15 00:00:00','1998-02-12 00:00:00','1998-01-21 00:00:00',3,69.5300,'Alfred-s Futterkiste','Obere Str. 57','Berlin',NULL,'12209','Germany'),(10836,'ERNSH',7,'1998-01-16 00:00:00','1998-02-13 00:00:00','1998-01-21 00:00:00',1,411.8800,'Ernst Handel','Kirchgasse 6','Graz',NULL,'8010','Austria'),(10837,'BERGS',9,'1998-01-16 00:00:00','1998-02-13 00:00:00','1998-01-23 00:00:00',3,13.3200,'Berglunds snabbkp','Berguvsvgen 8','Lule',NULL,'S-958 22','Sweden'),(10838,'LINOD',3,'1998-01-19 00:00:00','1998-02-16 00:00:00','1998-01-23 00:00:00',3,59.2800,'LINO-Delicateses','Ave. 5 de Mayo Porlamar','I. de Margarita','Nueva Esparta','4980','Venezuela'),(10839,'TRADH',3,'1998-01-19 00:00:00','1998-02-16 00:00:00','1998-01-22 00:00:00',3,35.4300,'Tradiao Hipermercados','Av. Ins de Castro, 414','Sao Paulo','SP','05634-030','Brazil'),(10840,'LINOD',4,'1998-01-19 00:00:00','1998-03-02 00:00:00','1998-02-16 00:00:00',2,2.7100,'LINO-Delicateses','Ave. 5 de Mayo Porlamar','I. de Margarita','Nueva Esparta','4980','Venezuela'),(10841,'SUPRD',5,'1998-01-20 00:00:00','1998-02-17 00:00:00','1998-01-29 00:00:00',2,424.3000,'Suprmes dlices','Boulevard Tirou, 255','Charleroi',NULL,'B-6000','Belgium'),(10842,'TORTU',1,'1998-01-20 00:00:00','1998-02-17 00:00:00','1998-01-29 00:00:00',3,54.4200,'Tortuga Restaurante','Avda. Azteca 123','Mxico D.F.',NULL,'5033','Mexico'),(10843,'VICTE',4,'1998-01-21 00:00:00','1998-02-18 00:00:00','1998-01-26 00:00:00',2,9.2600,'Victuailles en stock','2, rue du Commerce','Lyon',NULL,'69004','France'),(10844,'PICCO',8,'1998-01-21 00:00:00','1998-02-18 00:00:00','1998-01-26 00:00:00',2,25.2200,'Piccolo und mehr','Geislweg 14','Salzburg',NULL,'5020','Austria'),(10845,'QUICK',8,'1998-01-21 00:00:00','1998-02-04 00:00:00','1998-01-30 00:00:00',1,212.9800,'QUICK-Stop','Taucherstrae 10','Cunewalde',NULL,'1307','Germany'),(10846,'SUPRD',2,'1998-01-22 00:00:00','1998-03-05 00:00:00','1998-01-23 00:00:00',3,56.4600,'Suprmes dlices','Boulevard Tirou, 255','Charleroi',NULL,'B-6000','Belgium'),(10847,'SAVEA',4,'1998-01-22 00:00:00','1998-02-05 00:00:00','1998-02-10 00:00:00',3,487.5700,'Save-a-lot Markets','187 Suffolk Ln.','Boise','ID','83720','USA'),(10848,'CONSH',7,'1998-01-23 00:00:00','1998-02-20 00:00:00','1998-01-29 00:00:00',2,38.2400,'Consolidated Holdings','Berkeley Gardens 12 Brewery','London',NULL,'WX1 6LT','UK'),(10849,'KOENE',9,'1998-01-23 00:00:00','1998-02-20 00:00:00','1998-01-30 00:00:00',2,0.5600,'Kniglich Essen','Maubelstr. 90','Brandenburg',NULL,'14776','Germany'),(10850,'VICTE',1,'1998-01-23 00:00:00','1998-03-06 00:00:00','1998-01-30 00:00:00',1,49.1900,'Victuailles en stock','2, rue du Commerce','Lyon',NULL,'69004','France'),(10851,'RICAR',5,'1998-01-26 00:00:00','1998-02-23 00:00:00','1998-02-02 00:00:00',1,160.5500,'Ricardo Adocicados','Av. Copacabana, 267','Rio de Janeiro','RJ','02389-890','Brazil'),(10852,'RATTC',8,'1998-01-26 00:00:00','1998-02-09 00:00:00','1998-01-30 00:00:00',1,174.0500,'Rattlesnake Canyon Grocery','2817 Milton Dr.','Albuquerque','NM','87110','USA'),(10853,'BLAUS',9,'1998-01-27 00:00:00','1998-02-24 00:00:00','1998-02-03 00:00:00',2,53.8300,'Blauer See Delikatessen','Forsterstr. 57','Mannheim',NULL,'68306','Germany'),(10854,'ERNSH',3,'1998-01-27 00:00:00','1998-02-24 00:00:00','1998-02-05 00:00:00',2,100.2200,'Ernst Handel','Kirchgasse 6','Graz',NULL,'8010','Austria'),(10855,'OLDWO',3,'1998-01-27 00:00:00','1998-02-24 00:00:00','1998-02-04 00:00:00',1,170.9700,'Old World Delicatessen','2743 Bering St.','Anchorage','AK','99508','USA'),(10856,'ANTON',3,'1998-01-28 00:00:00','1998-02-25 00:00:00','1998-02-10 00:00:00',2,58.4300,'Antonio Moreno Taquera','Mataderos 2312','Mxico D.F.',NULL,'5023','Mexico'),(10857,'BERGS',8,'1998-01-28 00:00:00','1998-02-25 00:00:00','1998-02-06 00:00:00',2,188.8500,'Berglunds snabbkp','Berguvsvgen 8','Lule',NULL,'S-958 22','Sweden'),(10858,'LACOR',2,'1998-01-29 00:00:00','1998-02-26 00:00:00','1998-02-03 00:00:00',1,52.5100,'La corne d-abondance','67, avenue de l-Europe','Versailles',NULL,'78000','France'),(10859,'FRANK',1,'1998-01-29 00:00:00','1998-02-26 00:00:00','1998-02-02 00:00:00',2,76.1000,'Frankenversand','Berliner Platz 43','Mnchen',NULL,'80805','Germany'),(10860,'FRANR',3,'1998-01-29 00:00:00','1998-02-26 00:00:00','1998-02-04 00:00:00',3,19.2600,'France restauration','54, rue Royale','Nantes',NULL,'44000','France'),(10861,'WHITC',4,'1998-01-30 00:00:00','1998-02-27 00:00:00','1998-02-17 00:00:00',2,14.9300,'White Clover Markets','1029 - 12th Ave. S.','Seattle','WA','98124','USA'),(10862,'LEHMS',8,'1998-01-30 00:00:00','1998-03-13 00:00:00','1998-02-02 00:00:00',2,53.2300,'Lehmanns Marktstand','Magazinweg 7','Frankfurt a.M.',NULL,'60528','Germany'),(10863,'HILAA',4,'1998-02-02 00:00:00','1998-03-02 00:00:00','1998-02-17 00:00:00',2,30.2600,'HILARION-Abastos','Carrera 22 con Ave. Carlos Soublette #8-35','San Cristbal','Tchira','5022','Venezuela'),(10864,'AROUT',4,'1998-02-02 00:00:00','1998-03-02 00:00:00','1998-02-09 00:00:00',2,3.0400,'Around the Horn','Brook Farm Stratford St. Mary','Colchester','Essex','CO7 6JX','UK'),(10865,'QUICK',2,'1998-02-02 00:00:00','1998-02-16 00:00:00','1998-02-12 00:00:00',1,348.1400,'QUICK-Stop','Taucherstrae 10','Cunewalde',NULL,'1307','Germany'),(10866,'BERGS',5,'1998-02-03 00:00:00','1998-03-03 00:00:00','1998-02-12 00:00:00',1,109.1100,'Berglunds snabbkp','Berguvsvgen 8','Lule',NULL,'S-958 22','Sweden'),(10867,'LONEP',6,'1998-02-03 00:00:00','1998-03-17 00:00:00','1998-02-11 00:00:00',1,1.9300,'Lonesome Pine Restaurant','89 Chiaroscuro Rd.','Portland','OR','97219','USA'),(10868,'QUEEN',7,'1998-02-04 00:00:00','1998-03-04 00:00:00','1998-02-23 00:00:00',2,191.2700,'Queen Cozinha','Alameda dos Canrios, 891','Sao Paulo','SP','05487-020','Brazil'),(10869,'SEVES',5,'1998-02-04 00:00:00','1998-03-04 00:00:00','1998-02-09 00:00:00',1,143.2800,'Seven Seas Imports','90 Wadhurst Rd.','London',NULL,'OX15 4NB','UK'),(10870,'WOLZA',5,'1998-02-04 00:00:00','1998-03-04 00:00:00','1998-02-13 00:00:00',3,12.0400,'Wolski Zajazd','ul. Filtrowa 68','Warszawa',NULL,'01-012','Poland'),(10871,'BONAP',9,'1998-02-05 00:00:00','1998-03-05 00:00:00','1998-02-10 00:00:00',2,112.2700,'Bon app-','12, rue des Bouchers','Marseille',NULL,'13008','France'),(10872,'GODOS',5,'1998-02-05 00:00:00','1998-03-05 00:00:00','1998-02-09 00:00:00',2,175.3200,'Godos Cocina Tpica','C/ Romero, 33','Sevilla',NULL,'41101','Spain'),(10873,'WILMK',4,'1998-02-06 00:00:00','1998-03-06 00:00:00','1998-02-09 00:00:00',1,0.8200,'Wilman Kala','Keskuskatu 45','Helsinki',NULL,'21240','Finland'),(10874,'GODOS',5,'1998-02-06 00:00:00','1998-03-06 00:00:00','1998-02-11 00:00:00',2,19.5800,'Godos Cocina Tpica','C/ Romero, 33','Sevilla',NULL,'41101','Spain'),(10875,'BERGS',4,'1998-02-06 00:00:00','1998-03-06 00:00:00','1998-03-03 00:00:00',2,32.3700,'Berglunds snabbkp','Berguvsvgen 8','Lule',NULL,'S-958 22','Sweden'),(10876,'BONAP',7,'1998-02-09 00:00:00','1998-03-09 00:00:00','1998-02-12 00:00:00',3,60.4200,'Bon app-','12, rue des Bouchers','Marseille',NULL,'13008','France'),(10877,'RICAR',1,'1998-02-09 00:00:00','1998-03-09 00:00:00','1998-02-19 00:00:00',1,38.0600,'Ricardo Adocicados','Av. Copacabana, 267','Rio de Janeiro','RJ','02389-890','Brazil'),(10878,'QUICK',4,'1998-02-10 00:00:00','1998-03-10 00:00:00','1998-02-12 00:00:00',1,46.6900,'QUICK-Stop','Taucherstrae 10','Cunewalde',NULL,'1307','Germany'),(10879,'WILMK',3,'1998-02-10 00:00:00','1998-03-10 00:00:00','1998-02-12 00:00:00',3,8.5000,'Wilman Kala','Keskuskatu 45','Helsinki',NULL,'21240','Finland'),(10880,'FOLKO',7,'1998-02-10 00:00:00','1998-03-24 00:00:00','1998-02-18 00:00:00',1,88.0100,'Folk och f HB','kergatan 24','Brcke',NULL,'S-844 67','Sweden'),(10881,'CACTU',4,'1998-02-11 00:00:00','1998-03-11 00:00:00','1998-02-18 00:00:00',1,2.8400,'Cactus Comidas para llevar','Cerrito 333','Buenos Aires',NULL,'1010','Argentina'),(10882,'SAVEA',4,'1998-02-11 00:00:00','1998-03-11 00:00:00','1998-02-20 00:00:00',3,23.1000,'Save-a-lot Markets','187 Suffolk Ln.','Boise','ID','83720','USA'),(10883,'LONEP',8,'1998-02-12 00:00:00','1998-03-12 00:00:00','1998-02-20 00:00:00',3,0.5300,'Lonesome Pine Restaurant','89 Chiaroscuro Rd.','Portland','OR','97219','USA'),(10884,'LETSS',4,'1998-02-12 00:00:00','1998-03-12 00:00:00','1998-02-13 00:00:00',2,90.9700,'Let-s Stop N Shop','87 Polk St. Suite 5','San Francisco','CA','94117','USA'),(10885,'SUPRD',6,'1998-02-12 00:00:00','1998-03-12 00:00:00','1998-02-18 00:00:00',3,5.6400,'Suprmes dlices','Boulevard Tirou, 255','Charleroi',NULL,'B-6000','Belgium'),(10886,'HANAR',1,'1998-02-13 00:00:00','1998-03-13 00:00:00','1998-03-02 00:00:00',1,4.9900,'Hanari Carnes','Rua do Pao, 67','Rio de Janeiro','RJ','05454-876','Brazil'),(10887,'GALED',8,'1998-02-13 00:00:00','1998-03-13 00:00:00','1998-02-16 00:00:00',3,1.2500,'Galera del gastronmo','Rambla de Catalua, 23','Barcelona',NULL,'8022','Spain'),(10888,'GODOS',1,'1998-02-16 00:00:00','1998-03-16 00:00:00','1998-02-23 00:00:00',2,51.8700,'Godos Cocina Tpica','C/ Romero, 33','Sevilla',NULL,'41101','Spain'),(10889,'RATTC',9,'1998-02-16 00:00:00','1998-03-16 00:00:00','1998-02-23 00:00:00',3,280.6100,'Rattlesnake Canyon Grocery','2817 Milton Dr.','Albuquerque','NM','87110','USA'),(10890,'DUMON',7,'1998-02-16 00:00:00','1998-03-16 00:00:00','1998-02-18 00:00:00',1,32.7600,'Du monde entier','67, rue des Cinquante Otages','Nantes',NULL,'44000','France'),(10891,'LEHMS',7,'1998-02-17 00:00:00','1998-03-17 00:00:00','1998-02-19 00:00:00',2,20.3700,'Lehmanns Marktstand','Magazinweg 7','Frankfurt a.M.',NULL,'60528','Germany'),(10892,'MAISD',4,'1998-02-17 00:00:00','1998-03-17 00:00:00','1998-02-19 00:00:00',2,120.2700,'Maison Dewey','Rue Joseph-Bens 532','Bruxelles',NULL,'B-1180','Belgium'),(10893,'KOENE',9,'1998-02-18 00:00:00','1998-03-18 00:00:00','1998-02-20 00:00:00',2,77.7800,'Kniglich Essen','Maubelstr. 90','Brandenburg',NULL,'14776','Germany'),(10894,'SAVEA',1,'1998-02-18 00:00:00','1998-03-18 00:00:00','1998-02-20 00:00:00',1,116.1300,'Save-a-lot Markets','187 Suffolk Ln.','Boise','ID','83720','USA'),(10895,'ERNSH',3,'1998-02-18 00:00:00','1998-03-18 00:00:00','1998-02-23 00:00:00',1,162.7500,'Ernst Handel','Kirchgasse 6','Graz',NULL,'8010','Austria'),(10896,'MAISD',7,'1998-02-19 00:00:00','1998-03-19 00:00:00','1998-02-27 00:00:00',3,32.4500,'Maison Dewey','Rue Joseph-Bens 532','Bruxelles',NULL,'B-1180','Belgium'),(10897,'HUNGO',3,'1998-02-19 00:00:00','1998-03-19 00:00:00','1998-02-25 00:00:00',2,603.5400,'Hungry Owl All-Night Grocers','8 Johnstown Road','Cork','Co. Cork',NULL,'Ireland'),(10898,'OCEAN',4,'1998-02-20 00:00:00','1998-03-20 00:00:00','1998-03-06 00:00:00',2,1.2700,'Ocano Atlntico Ltda.','Ing. Gustavo Moncada 8585 Piso 20-A','Buenos Aires',NULL,'1010','Argentina'),(10899,'LILAS',5,'1998-02-20 00:00:00','1998-03-20 00:00:00','1998-02-26 00:00:00',3,1.2100,'LILA-Supermercado','Carrera 52 con Ave. Bolvar #65-98 Llano Largo','Barquisimeto','Lara','3508','Venezuela'),(10900,'WELLI',1,'1998-02-20 00:00:00','1998-03-20 00:00:00','1998-03-04 00:00:00',2,1.6600,'Wellington Importadora','Rua do Mercado, 12','Resende','SP','08737-363','Brazil'),(10901,'HILAA',4,'1998-02-23 00:00:00','1998-03-23 00:00:00','1998-02-26 00:00:00',1,62.0900,'HILARION-Abastos','Carrera 22 con Ave. Carlos Soublette #8-35','San Cristbal','Tchira','5022','Venezuela'),(10902,'FOLKO',1,'1998-02-23 00:00:00','1998-03-23 00:00:00','1998-03-03 00:00:00',1,44.1500,'Folk och f HB','kergatan 24','Brcke',NULL,'S-844 67','Sweden'),(10903,'HANAR',3,'1998-02-24 00:00:00','1998-03-24 00:00:00','1998-03-04 00:00:00',3,36.7100,'Hanari Carnes','Rua do Pao, 67','Rio de Janeiro','RJ','05454-876','Brazil'),(10904,'WHITC',3,'1998-02-24 00:00:00','1998-03-24 00:00:00','1998-02-27 00:00:00',3,162.9500,'White Clover Markets','1029 - 12th Ave. S.','Seattle','WA','98124','USA'),(10905,'WELLI',9,'1998-02-24 00:00:00','1998-03-24 00:00:00','1998-03-06 00:00:00',2,13.7200,'Wellington Importadora','Rua do Mercado, 12','Resende','SP','08737-363','Brazil'),(10906,'WOLZA',4,'1998-02-25 00:00:00','1998-03-11 00:00:00','1998-03-03 00:00:00',3,26.2900,'Wolski Zajazd','ul. Filtrowa 68','Warszawa',NULL,'01-012','Poland'),(10907,'SPECD',6,'1998-02-25 00:00:00','1998-03-25 00:00:00','1998-02-27 00:00:00',3,9.1900,'Spcialits du monde','25, rue Lauriston','Paris',NULL,'75016','France'),(10908,'REGGC',4,'1998-02-26 00:00:00','1998-03-26 00:00:00','1998-03-06 00:00:00',2,32.9600,'Reggiani Caseifici','Strada Provinciale 124','Reggio Emilia',NULL,'42100','Italy'),(10909,'SANTG',1,'1998-02-26 00:00:00','1998-03-26 00:00:00','1998-03-10 00:00:00',2,53.0500,'Sant Gourmet','Erling Skakkes gate 78','Stavern',NULL,'4110','Norway'),(10910,'WILMK',1,'1998-02-26 00:00:00','1998-03-26 00:00:00','1998-03-04 00:00:00',3,38.1100,'Wilman Kala','Keskuskatu 45','Helsinki',NULL,'21240','Finland'),(10911,'GODOS',3,'1998-02-26 00:00:00','1998-03-26 00:00:00','1998-03-05 00:00:00',1,38.1900,'Godos Cocina Tpica','C/ Romero, 33','Sevilla',NULL,'41101','Spain'),(10912,'HUNGO',2,'1998-02-26 00:00:00','1998-03-26 00:00:00','1998-03-18 00:00:00',2,580.9100,'Hungry Owl All-Night Grocers','8 Johnstown Road','Cork','Co. Cork',NULL,'Ireland'),(10913,'QUEEN',4,'1998-02-26 00:00:00','1998-03-26 00:00:00','1998-03-04 00:00:00',1,33.0500,'Queen Cozinha','Alameda dos Canrios, 891','Sao Paulo','SP','05487-020','Brazil'),(10914,'QUEEN',6,'1998-02-27 00:00:00','1998-03-27 00:00:00','1998-03-02 00:00:00',1,21.1900,'Queen Cozinha','Alameda dos Canrios, 891','Sao Paulo','SP','05487-020','Brazil'),(10915,'TORTU',2,'1998-02-27 00:00:00','1998-03-27 00:00:00','1998-03-02 00:00:00',2,3.5100,'Tortuga Restaurante','Avda. Azteca 123','Mxico D.F.',NULL,'5033','Mexico'),(10916,'RANCH',1,'1998-02-27 00:00:00','1998-03-27 00:00:00','1998-03-09 00:00:00',2,63.7700,'Rancho grande','Av. del Libertador 900','Buenos Aires',NULL,'1010','Argentina'),(10917,'ROMEY',4,'1998-03-02 00:00:00','1998-03-30 00:00:00','1998-03-11 00:00:00',2,8.2900,'Romero y tomillo','Gran Va, 1','Madrid',NULL,'28001','Spain'),(10918,'BOTTM',3,'1998-03-02 00:00:00','1998-03-30 00:00:00','1998-03-11 00:00:00',3,48.8300,'Bottom-Dollar Markets','23 Tsawassen Blvd.','Tsawassen','BC','T2F 8M4','Canada'),(10919,'LINOD',2,'1998-03-02 00:00:00','1998-03-30 00:00:00','1998-03-04 00:00:00',2,19.8000,'LINO-Delicateses','Ave. 5 de Mayo Porlamar','I. de Margarita','Nueva Esparta','4980','Venezuela'),(10920,'AROUT',4,'1998-03-03 00:00:00','1998-03-31 00:00:00','1998-03-09 00:00:00',2,29.6100,'Around the Horn','Brook Farm Stratford St. Mary','Colchester','Essex','CO7 6JX','UK'),(10921,'VAFFE',1,'1998-03-03 00:00:00','1998-04-14 00:00:00','1998-03-09 00:00:00',1,176.4800,'Vaffeljernet','Smagsloget 45','rhus',NULL,'8200','Denmark'),(10922,'HANAR',5,'1998-03-03 00:00:00','1998-03-31 00:00:00','1998-03-05 00:00:00',3,62.7400,'Hanari Carnes','Rua do Pao, 67','Rio de Janeiro','RJ','05454-876','Brazil'),(10923,'LAMAI',7,'1998-03-03 00:00:00','1998-04-14 00:00:00','1998-03-13 00:00:00',3,68.2600,'La maison d-Asie','1 rue Alsace-Lorraine','Toulouse',NULL,'31000','France'),(10924,'BERGS',3,'1998-03-04 00:00:00','1998-04-01 00:00:00','1998-04-08 00:00:00',2,151.5200,'Berglunds snabbkp','Berguvsvgen 8','Lule',NULL,'S-958 22','Sweden'),(10925,'HANAR',3,'1998-03-04 00:00:00','1998-04-01 00:00:00','1998-03-13 00:00:00',1,2.2700,'Hanari Carnes','Rua do Pao, 67','Rio de Janeiro','RJ','05454-876','Brazil'),(10926,'ANATR',4,'1998-03-04 00:00:00','1998-04-01 00:00:00','1998-03-11 00:00:00',3,39.9200,'Ana Trujillo Emparedados y helados','Avda. de la Constitucin 2222','Mxico D.F.',NULL,'5021','Mexico'),(10927,'LACOR',4,'1998-03-05 00:00:00','1998-04-02 00:00:00','1998-04-08 00:00:00',1,19.7900,'La corne d-abondance','67, avenue de l-Europe','Versailles',NULL,'78000','France'),(10928,'GALED',1,'1998-03-05 00:00:00','1998-04-02 00:00:00','1998-03-18 00:00:00',1,1.3600,'Galera del gastronmo','Rambla de Catalua, 23','Barcelona',NULL,'8022','Spain'),(10929,'FRANK',6,'1998-03-05 00:00:00','1998-04-02 00:00:00','1998-03-12 00:00:00',1,33.9300,'Frankenversand','Berliner Platz 43','Mnchen',NULL,'80805','Germany'),(10930,'SUPRD',4,'1998-03-06 00:00:00','1998-04-17 00:00:00','1998-03-18 00:00:00',3,15.5500,'Suprmes dlices','Boulevard Tirou, 255','Charleroi',NULL,'B-6000','Belgium'),(10931,'RICSU',4,'1998-03-06 00:00:00','1998-03-20 00:00:00','1998-03-19 00:00:00',2,13.6000,'Richter Supermarkt','Starenweg 5','Genve',NULL,'1204','Switzerland'),(10932,'BONAP',8,'1998-03-06 00:00:00','1998-04-03 00:00:00','1998-03-24 00:00:00',1,134.6400,'Bon app-','12, rue des Bouchers','Marseille',NULL,'13008','France'),(10933,'ISLAT',6,'1998-03-06 00:00:00','1998-04-03 00:00:00','1998-03-16 00:00:00',3,54.1500,'Island Trading','Garden House Crowther Way','Cowes','Isle of Wight','PO31 7PJ','UK'),(10934,'LEHMS',3,'1998-03-09 00:00:00','1998-04-06 00:00:00','1998-03-12 00:00:00',3,32.0100,'Lehmanns Marktstand','Magazinweg 7','Frankfurt a.M.',NULL,'60528','Germany'),(10935,'WELLI',4,'1998-03-09 00:00:00','1998-04-06 00:00:00','1998-03-18 00:00:00',3,47.5900,'Wellington Importadora','Rua do Mercado, 12','Resende','SP','08737-363','Brazil'),(10936,'GREAL',3,'1998-03-09 00:00:00','1998-04-06 00:00:00','1998-03-18 00:00:00',2,33.6800,'Great Lakes Food Market','2732 Baker Blvd.','Eugene','OR','97403','USA'),(10937,'CACTU',7,'1998-03-10 00:00:00','1998-03-24 00:00:00','1998-03-13 00:00:00',3,31.5100,'Cactus Comidas para llevar','Cerrito 333','Buenos Aires',NULL,'1010','Argentina'),(10938,'QUICK',3,'1998-03-10 00:00:00','1998-04-07 00:00:00','1998-03-16 00:00:00',2,31.8900,'QUICK-Stop','Taucherstrae 10','Cunewalde',NULL,'1307','Germany'),(10939,'MAGAA',2,'1998-03-10 00:00:00','1998-04-07 00:00:00','1998-03-13 00:00:00',2,76.3300,'Magazzini Alimentari Riuniti','Via Ludovico il Moro 22','Bergamo',NULL,'24100','Italy'),(10940,'BONAP',8,'1998-03-11 00:00:00','1998-04-08 00:00:00','1998-03-23 00:00:00',3,19.7700,'Bon app-','12, rue des Bouchers','Marseille',NULL,'13008','France'),(10941,'SAVEA',7,'1998-03-11 00:00:00','1998-04-08 00:00:00','1998-03-20 00:00:00',2,400.8100,'Save-a-lot Markets','187 Suffolk Ln.','Boise','ID','83720','USA'),(10942,'REGGC',9,'1998-03-11 00:00:00','1998-04-08 00:00:00','1998-03-18 00:00:00',3,17.9500,'Reggiani Caseifici','Strada Provinciale 124','Reggio Emilia',NULL,'42100','Italy'),(10943,'BSBEV',4,'1998-03-11 00:00:00','1998-04-08 00:00:00','1998-03-19 00:00:00',2,2.1700,'B-s Beverages','Fauntleroy Circus','London',NULL,'EC2 5NT','UK'),(10944,'BOTTM',6,'1998-03-12 00:00:00','1998-03-26 00:00:00','1998-03-13 00:00:00',3,52.9200,'Bottom-Dollar Markets','23 Tsawassen Blvd.','Tsawassen','BC','T2F 8M4','Canada'),(10945,'MORGK',4,'1998-03-12 00:00:00','1998-04-09 00:00:00','1998-03-18 00:00:00',1,10.2200,'Morgenstern Gesundkost','Heerstr. 22','Leipzig',NULL,'4179','Germany'),(10946,'VAFFE',1,'1998-03-12 00:00:00','1998-04-09 00:00:00','1998-03-19 00:00:00',2,27.2000,'Vaffeljernet','Smagsloget 45','rhus',NULL,'8200','Denmark'),(10947,'BSBEV',3,'1998-03-13 00:00:00','1998-04-10 00:00:00','1998-03-16 00:00:00',2,3.2600,'B-s Beverages','Fauntleroy Circus','London',NULL,'EC2 5NT','UK'),(10948,'GODOS',3,'1998-03-13 00:00:00','1998-04-10 00:00:00','1998-03-19 00:00:00',3,23.3900,'Godos Cocina Tpica','C/ Romero, 33','Sevilla',NULL,'41101','Spain'),(10949,'BOTTM',2,'1998-03-13 00:00:00','1998-04-10 00:00:00','1998-03-17 00:00:00',3,74.4400,'Bottom-Dollar Markets','23 Tsawassen Blvd.','Tsawassen','BC','T2F 8M4','Canada'),(10950,'MAGAA',1,'1998-03-16 00:00:00','1998-04-13 00:00:00','1998-03-23 00:00:00',2,2.5000,'Magazzini Alimentari Riuniti','Via Ludovico il Moro 22','Bergamo',NULL,'24100','Italy'),(10951,'RICSU',9,'1998-03-16 00:00:00','1998-04-27 00:00:00','1998-04-07 00:00:00',2,30.8500,'Richter Supermarkt','Starenweg 5','Genve',NULL,'1204','Switzerland'),(10952,'ALFKI',1,'1998-03-16 00:00:00','1998-04-27 00:00:00','1998-03-24 00:00:00',1,40.4200,'Alfred-s Futterkiste','Obere Str. 57','Berlin',NULL,'12209','Germany'),(10953,'AROUT',9,'1998-03-16 00:00:00','1998-03-30 00:00:00','1998-03-25 00:00:00',2,23.7200,'Around the Horn','Brook Farm Stratford St. Mary','Colchester','Essex','CO7 6JX','UK'),(10954,'LINOD',5,'1998-03-17 00:00:00','1998-04-28 00:00:00','1998-03-20 00:00:00',1,27.9100,'LINO-Delicateses','Ave. 5 de Mayo Porlamar','I. de Margarita','Nueva Esparta','4980','Venezuela'),(10955,'FOLKO',8,'1998-03-17 00:00:00','1998-04-14 00:00:00','1998-03-20 00:00:00',2,3.2600,'Folk och f HB','kergatan 24','Brcke',NULL,'S-844 67','Sweden'),(10956,'BLAUS',6,'1998-03-17 00:00:00','1998-04-28 00:00:00','1998-03-20 00:00:00',2,44.6500,'Blauer See Delikatessen','Forsterstr. 57','Mannheim',NULL,'68306','Germany'),(10957,'HILAA',8,'1998-03-18 00:00:00','1998-04-15 00:00:00','1998-03-27 00:00:00',3,105.3600,'HILARION-Abastos','Carrera 22 con Ave. Carlos Soublette #8-35','San Cristbal','Tchira','5022','Venezuela'),(10958,'OCEAN',7,'1998-03-18 00:00:00','1998-04-15 00:00:00','1998-03-27 00:00:00',2,49.5600,'Ocano Atlntico Ltda.','Ing. Gustavo Moncada 8585 Piso 20-A','Buenos Aires',NULL,'1010','Argentina'),(10959,'GOURL',6,'1998-03-18 00:00:00','1998-04-29 00:00:00','1998-03-23 00:00:00',2,4.9800,'Gourmet Lanchonetes','Av. Brasil, 442','Campinas','SP','04876-786','Brazil'),(10960,'HILAA',3,'1998-03-19 00:00:00','1998-04-02 00:00:00','1998-04-08 00:00:00',1,2.0800,'HILARION-Abastos','Carrera 22 con Ave. Carlos Soublette #8-35','San Cristbal','Tchira','5022','Venezuela'),(10961,'QUEEN',8,'1998-03-19 00:00:00','1998-04-16 00:00:00','1998-03-30 00:00:00',1,104.4700,'Queen Cozinha','Alameda dos Canrios, 891','Sao Paulo','SP','05487-020','Brazil'),(10962,'QUICK',8,'1998-03-19 00:00:00','1998-04-16 00:00:00','1998-03-23 00:00:00',2,275.7900,'QUICK-Stop','Taucherstrae 10','Cunewalde',NULL,'1307','Germany'),(10963,'FURIB',9,'1998-03-19 00:00:00','1998-04-16 00:00:00','1998-03-26 00:00:00',3,2.7000,'Furia Bacalhau e Frutos do Mar','Jardim das rosas n. 32','Lisboa',NULL,'1675','Portugal'),(10964,'SPECD',3,'1998-03-20 00:00:00','1998-04-17 00:00:00','1998-03-24 00:00:00',2,87.3800,'Spcialits du monde','25, rue Lauriston','Paris',NULL,'75016','France'),(10965,'OLDWO',6,'1998-03-20 00:00:00','1998-04-17 00:00:00','1998-03-30 00:00:00',3,144.3800,'Old World Delicatessen','2743 Bering St.','Anchorage','AK','99508','USA'),(10966,'CHOPS',4,'1998-03-20 00:00:00','1998-04-17 00:00:00','1998-04-08 00:00:00',1,27.1900,'Chop-suey Chinese','Hauptstr. 31','Bern',NULL,'3012','Switzerland'),(10967,'TOMSP',2,'1998-03-23 00:00:00','1998-04-20 00:00:00','1998-04-02 00:00:00',2,62.2200,'Toms Spezialitten','Luisenstr. 48','Mnster',NULL,'44087','Germany'),(10968,'ERNSH',1,'1998-03-23 00:00:00','1998-04-20 00:00:00','1998-04-01 00:00:00',3,74.6000,'Ernst Handel','Kirchgasse 6','Graz',NULL,'8010','Austria'),(10969,'COMMI',1,'1998-03-23 00:00:00','1998-04-20 00:00:00','1998-03-30 00:00:00',2,0.2100,'Comrcio Mineiro','Av. dos Lusadas, 23','Sao Paulo','SP','05432-043','Brazil'),(10970,'BOLID',9,'1998-03-24 00:00:00','1998-04-07 00:00:00','1998-04-24 00:00:00',1,16.1600,'Blido Comidas preparadas','C/ Araquil, 67','Madrid',NULL,'28023','Spain'),(10971,'FRANR',2,'1998-03-24 00:00:00','1998-04-21 00:00:00','1998-04-02 00:00:00',2,121.8200,'France restauration','54, rue Royale','Nantes',NULL,'44000','France'),(10972,'LACOR',4,'1998-03-24 00:00:00','1998-04-21 00:00:00','1998-03-26 00:00:00',2,0.0200,'La corne d-abondance','67, avenue de l-Europe','Versailles',NULL,'78000','France'),(10973,'LACOR',6,'1998-03-24 00:00:00','1998-04-21 00:00:00','1998-03-27 00:00:00',2,15.1700,'La corne d-abondance','67, avenue de l-Europe','Versailles',NULL,'78000','France'),(10974,'SPLIR',3,'1998-03-25 00:00:00','1998-04-08 00:00:00','1998-04-03 00:00:00',3,12.9600,'Split Rail Beer & Ale','P.O. Box 555','Lander','WY','82520','USA'),(10975,'BOTTM',1,'1998-03-25 00:00:00','1998-04-22 00:00:00','1998-03-27 00:00:00',3,32.2700,'Bottom-Dollar Markets','23 Tsawassen Blvd.','Tsawassen','BC','T2F 8M4','Canada'),(10976,'HILAA',1,'1998-03-25 00:00:00','1998-05-06 00:00:00','1998-04-03 00:00:00',1,37.9700,'HILARION-Abastos','Carrera 22 con Ave. Carlos Soublette #8-35','San Cristbal','Tchira','5022','Venezuela'),(10977,'FOLKO',8,'1998-03-26 00:00:00','1998-04-23 00:00:00','1998-04-10 00:00:00',3,208.5000,'Folk och f HB','kergatan 24','Brcke',NULL,'S-844 67','Sweden'),(10978,'MAISD',9,'1998-03-26 00:00:00','1998-04-23 00:00:00','1998-04-23 00:00:00',2,32.8200,'Maison Dewey','Rue Joseph-Bens 532','Bruxelles',NULL,'B-1180','Belgium'),(10979,'ERNSH',8,'1998-03-26 00:00:00','1998-04-23 00:00:00','1998-03-31 00:00:00',2,353.0700,'Ernst Handel','Kirchgasse 6','Graz',NULL,'8010','Austria'),(10980,'FOLKO',4,'1998-03-27 00:00:00','1998-05-08 00:00:00','1998-04-17 00:00:00',1,1.2600,'Folk och f HB','kergatan 24','Brcke',NULL,'S-844 67','Sweden'),(10981,'HANAR',1,'1998-03-27 00:00:00','1998-04-24 00:00:00','1998-04-02 00:00:00',2,193.3700,'Hanari Carnes','Rua do Pao, 67','Rio de Janeiro','RJ','05454-876','Brazil'),(10982,'BOTTM',2,'1998-03-27 00:00:00','1998-04-24 00:00:00','1998-04-08 00:00:00',1,14.0100,'Bottom-Dollar Markets','23 Tsawassen Blvd.','Tsawassen','BC','T2F 8M4','Canada'),(10983,'SAVEA',2,'1998-03-27 00:00:00','1998-04-24 00:00:00','1998-04-06 00:00:00',2,657.5400,'Save-a-lot Markets','187 Suffolk Ln.','Boise','ID','83720','USA'),(10984,'SAVEA',1,'1998-03-30 00:00:00','1998-04-27 00:00:00','1998-04-03 00:00:00',3,211.2200,'Save-a-lot Markets','187 Suffolk Ln.','Boise','ID','83720','USA'),(10985,'HUNGO',2,'1998-03-30 00:00:00','1998-04-27 00:00:00','1998-04-02 00:00:00',1,91.5100,'Hungry Owl All-Night Grocers','8 Johnstown Road','Cork','Co. Cork',NULL,'Ireland'),(10986,'OCEAN',8,'1998-03-30 00:00:00','1998-04-27 00:00:00','1998-04-21 00:00:00',2,217.8600,'Ocano Atlntico Ltda.','Ing. Gustavo Moncada 8585 Piso 20-A','Buenos Aires',NULL,'1010','Argentina'),(10987,'EASTC',8,'1998-03-31 00:00:00','1998-04-28 00:00:00','1998-04-06 00:00:00',1,185.4800,'Eastern Connection','35 King George','London',NULL,'WX3 6FW','UK'),(10988,'RATTC',3,'1998-03-31 00:00:00','1998-04-28 00:00:00','1998-04-10 00:00:00',2,61.1400,'Rattlesnake Canyon Grocery','2817 Milton Dr.','Albuquerque','NM','87110','USA'),(10989,'QUEDE',2,'1998-03-31 00:00:00','1998-04-28 00:00:00','1998-04-02 00:00:00',1,34.7600,'Que Delcia','Rua da Panificadora, 12','Rio de Janeiro','RJ','02389-673','Brazil'),(10990,'ERNSH',2,'1998-04-01 00:00:00','1998-05-13 00:00:00','1998-04-07 00:00:00',3,117.6100,'Ernst Handel','Kirchgasse 6','Graz',NULL,'8010','Austria'),(10991,'QUICK',1,'1998-04-01 00:00:00','1998-04-29 00:00:00','1998-04-07 00:00:00',1,38.5100,'QUICK-Stop','Taucherstrae 10','Cunewalde',NULL,'1307','Germany'),(10992,'THEBI',1,'1998-04-01 00:00:00','1998-04-29 00:00:00','1998-04-03 00:00:00',3,4.2700,'The Big Cheese','89 Jefferson Way Suite 2','Portland','OR','97201','USA'),(10993,'FOLKO',7,'1998-04-01 00:00:00','1998-04-29 00:00:00','1998-04-10 00:00:00',3,8.8100,'Folk och f HB','kergatan 24','Brcke',NULL,'S-844 67','Sweden'),(10994,'VAFFE',2,'1998-04-02 00:00:00','1998-04-16 00:00:00','1998-04-09 00:00:00',3,65.5300,'Vaffeljernet','Smagsloget 45','rhus',NULL,'8200','Denmark'),(10995,'PERIC',1,'1998-04-02 00:00:00','1998-04-30 00:00:00','1998-04-06 00:00:00',3,46.0000,'Pericles Comidas clsicas','Calle Dr. Jorge Cash 321','Mxico D.F.',NULL,'5033','Mexico'),(10996,'QUICK',4,'1998-04-02 00:00:00','1998-04-30 00:00:00','1998-04-10 00:00:00',2,1.1200,'QUICK-Stop','Taucherstrae 10','Cunewalde',NULL,'1307','Germany'),(10997,'LILAS',8,'1998-04-03 00:00:00','1998-05-15 00:00:00','1998-04-13 00:00:00',2,73.9100,'LILA-Supermercado','Carrera 52 con Ave. Bolvar #65-98 Llano Largo','Barquisimeto','Lara','3508','Venezuela'),(10998,'WOLZA',8,'1998-04-03 00:00:00','1998-04-17 00:00:00','1998-04-17 00:00:00',2,20.3100,'Wolski Zajazd','ul. Filtrowa 68','Warszawa',NULL,'01-012','Poland'),(10999,'OTTIK',6,'1998-04-03 00:00:00','1998-05-01 00:00:00','1998-04-10 00:00:00',2,96.3500,'Ottilies Kseladen','Mehrheimerstr. 369','Kln',NULL,'50739','Germany'),(11000,'RATTC',2,'1998-04-06 00:00:00','1998-05-04 00:00:00','1998-04-14 00:00:00',3,55.1200,'Rattlesnake Canyon Grocery','2817 Milton Dr.','Albuquerque','NM','87110','USA'),(11001,'FOLKO',2,'1998-04-06 00:00:00','1998-05-04 00:00:00','1998-04-14 00:00:00',2,197.3000,'Folk och f HB','kergatan 24','Brcke',NULL,'S-844 67','Sweden'),(11002,'SAVEA',4,'1998-04-06 00:00:00','1998-05-04 00:00:00','1998-04-16 00:00:00',1,141.1600,'Save-a-lot Markets','187 Suffolk Ln.','Boise','ID','83720','USA'),(11003,'THECR',3,'1998-04-06 00:00:00','1998-05-04 00:00:00','1998-04-08 00:00:00',3,14.9100,'The Cracker Box','55 Grizzly Peak Rd.','Butte','MT','59801','USA'),(11004,'MAISD',3,'1998-04-07 00:00:00','1998-05-05 00:00:00','1998-04-20 00:00:00',1,44.8400,'Maison Dewey','Rue Joseph-Bens 532','Bruxelles',NULL,'B-1180','Belgium'),(11005,'WILMK',2,'1998-04-07 00:00:00','1998-05-05 00:00:00','1998-04-10 00:00:00',1,0.7500,'Wilman Kala','Keskuskatu 45','Helsinki',NULL,'21240','Finland'),(11006,'GREAL',3,'1998-04-07 00:00:00','1998-05-05 00:00:00','1998-04-15 00:00:00',2,25.1900,'Great Lakes Food Market','2732 Baker Blvd.','Eugene','OR','97403','USA'),(11007,'PRINI',8,'1998-04-08 00:00:00','1998-05-06 00:00:00','1998-04-13 00:00:00',2,202.2400,'Princesa Isabel Vinhos','Estrada da sade n. 58','Lisboa',NULL,'1756','Portugal'),(11008,'ERNSH',7,'1998-04-08 00:00:00','1998-05-06 00:00:00',NULL,3,79.4600,'Ernst Handel','Kirchgasse 6','Graz',NULL,'8010','Austria'),(11009,'GODOS',2,'1998-04-08 00:00:00','1998-05-06 00:00:00','1998-04-10 00:00:00',1,59.1100,'Godos Cocina Tpica','C/ Romero, 33','Sevilla',NULL,'41101','Spain'),(11010,'REGGC',2,'1998-04-09 00:00:00','1998-05-07 00:00:00','1998-04-21 00:00:00',2,28.7100,'Reggiani Caseifici','Strada Provinciale 124','Reggio Emilia',NULL,'42100','Italy'),(11011,'ALFKI',3,'1998-04-09 00:00:00','1998-05-07 00:00:00','1998-04-13 00:00:00',1,1.2100,'Alfred-s Futterkiste','Obere Str. 57','Berlin',NULL,'12209','Germany'),(11012,'FRANK',1,'1998-04-09 00:00:00','1998-04-23 00:00:00','1998-04-17 00:00:00',3,242.9500,'Frankenversand','Berliner Platz 43','Mnchen',NULL,'80805','Germany'),(11013,'ROMEY',2,'1998-04-09 00:00:00','1998-05-07 00:00:00','1998-04-10 00:00:00',1,32.9900,'Romero y tomillo','Gran Va, 1','Madrid',NULL,'28001','Spain'),(11014,'LINOD',2,'1998-04-10 00:00:00','1998-05-08 00:00:00','1998-04-15 00:00:00',3,23.6000,'LINO-Delicateses','Ave. 5 de Mayo Porlamar','I. de Margarita','Nueva Esparta','4980','Venezuela'),(11015,'SANTG',2,'1998-04-10 00:00:00','1998-04-24 00:00:00','1998-04-20 00:00:00',2,4.6200,'Sant Gourmet','Erling Skakkes gate 78','Stavern',NULL,'4110','Norway'),(11016,'AROUT',9,'1998-04-10 00:00:00','1998-05-08 00:00:00','1998-04-13 00:00:00',2,33.8000,'Around the Horn','Brook Farm Stratford St. Mary','Colchester','Essex','CO7 6JX','UK'),(11017,'ERNSH',9,'1998-04-13 00:00:00','1998-05-11 00:00:00','1998-04-20 00:00:00',2,754.2600,'Ernst Handel','Kirchgasse 6','Graz',NULL,'8010','Austria'),(11018,'LONEP',4,'1998-04-13 00:00:00','1998-05-11 00:00:00','1998-04-16 00:00:00',2,11.6500,'Lonesome Pine Restaurant','89 Chiaroscuro Rd.','Portland','OR','97219','USA'),(11019,'RANCH',6,'1998-04-13 00:00:00','1998-05-11 00:00:00',NULL,3,3.1700,'Rancho grande','Av. del Libertador 900','Buenos Aires',NULL,'1010','Argentina'),(11020,'OTTIK',2,'1998-04-14 00:00:00','1998-05-12 00:00:00','1998-04-16 00:00:00',2,43.3000,'Ottilies Kseladen','Mehrheimerstr. 369','Kln',NULL,'50739','Germany'),(11021,'QUICK',3,'1998-04-14 00:00:00','1998-05-12 00:00:00','1998-04-21 00:00:00',1,297.1800,'QUICK-Stop','Taucherstrae 10','Cunewalde',NULL,'1307','Germany'),(11022,'HANAR',9,'1998-04-14 00:00:00','1998-05-12 00:00:00','1998-05-04 00:00:00',2,6.2700,'Hanari Carnes','Rua do Pao, 67','Rio de Janeiro','RJ','05454-876','Brazil'),(11023,'BSBEV',1,'1998-04-14 00:00:00','1998-04-28 00:00:00','1998-04-24 00:00:00',2,123.8300,'B-s Beverages','Fauntleroy Circus','London',NULL,'EC2 5NT','UK'),(11024,'EASTC',4,'1998-04-15 00:00:00','1998-05-13 00:00:00','1998-04-20 00:00:00',1,74.3600,'Eastern Connection','35 King George','London',NULL,'WX3 6FW','UK'),(11025,'WARTH',6,'1998-04-15 00:00:00','1998-05-13 00:00:00','1998-04-24 00:00:00',3,29.1700,'Wartian Herkku','Torikatu 38','Oulu',NULL,'90110','Finland'),(11026,'FRANS',4,'1998-04-15 00:00:00','1998-05-13 00:00:00','1998-04-28 00:00:00',1,47.0900,'Franchi S.p.A.','Via Monte Bianco 34','Torino',NULL,'10100','Italy'),(11027,'BOTTM',1,'1998-04-16 00:00:00','1998-05-14 00:00:00','1998-04-20 00:00:00',1,52.5200,'Bottom-Dollar Markets','23 Tsawassen Blvd.','Tsawassen','BC','T2F 8M4','Canada'),(11028,'KOENE',2,'1998-04-16 00:00:00','1998-05-14 00:00:00','1998-04-22 00:00:00',1,29.5900,'Kniglich Essen','Maubelstr. 90','Brandenburg',NULL,'14776','Germany'),(11029,'CHOPS',4,'1998-04-16 00:00:00','1998-05-14 00:00:00','1998-04-27 00:00:00',1,47.8400,'Chop-suey Chinese','Hauptstr. 31','Bern',NULL,'3012','Switzerland'),(11030,'SAVEA',7,'1998-04-17 00:00:00','1998-05-15 00:00:00','1998-04-27 00:00:00',2,830.7500,'Save-a-lot Markets','187 Suffolk Ln.','Boise','ID','83720','USA'),(11031,'SAVEA',6,'1998-04-17 00:00:00','1998-05-15 00:00:00','1998-04-24 00:00:00',2,227.2200,'Save-a-lot Markets','187 Suffolk Ln.','Boise','ID','83720','USA'),(11032,'WHITC',2,'1998-04-17 00:00:00','1998-05-15 00:00:00','1998-04-23 00:00:00',3,606.1900,'White Clover Markets','1029 - 12th Ave. S.','Seattle','WA','98124','USA'),(11033,'RICSU',7,'1998-04-17 00:00:00','1998-05-15 00:00:00','1998-04-23 00:00:00',3,84.7400,'Richter Supermarkt','Starenweg 5','Genve',NULL,'1204','Switzerland'),(11034,'OLDWO',8,'1998-04-20 00:00:00','1998-06-01 00:00:00','1998-04-27 00:00:00',1,40.3200,'Old World Delicatessen','2743 Bering St.','Anchorage','AK','99508','USA'),(11035,'SUPRD',2,'1998-04-20 00:00:00','1998-05-18 00:00:00','1998-04-24 00:00:00',2,0.1700,'Suprmes dlices','Boulevard Tirou, 255','Charleroi',NULL,'B-6000','Belgium'),(11036,'DRACD',8,'1998-04-20 00:00:00','1998-05-18 00:00:00','1998-04-22 00:00:00',3,149.4700,'Drachenblut Delikatessen','Walserweg 21','Aachen',NULL,'52066','Germany'),(11037,'GODOS',7,'1998-04-21 00:00:00','1998-05-19 00:00:00','1998-04-27 00:00:00',1,3.2000,'Godos Cocina Tpica','C/ Romero, 33','Sevilla',NULL,'41101','Spain'),(11038,'SUPRD',1,'1998-04-21 00:00:00','1998-05-19 00:00:00','1998-04-30 00:00:00',2,29.5900,'Suprmes dlices','Boulevard Tirou, 255','Charleroi',NULL,'B-6000','Belgium'),(11039,'LINOD',1,'1998-04-21 00:00:00','1998-05-19 00:00:00',NULL,2,65.0000,'LINO-Delicateses','Ave. 5 de Mayo Porlamar','I. de Margarita','Nueva Esparta','4980','Venezuela'),(11040,'GREAL',4,'1998-04-22 00:00:00','1998-05-20 00:00:00',NULL,3,18.8400,'Great Lakes Food Market','2732 Baker Blvd.','Eugene','OR','97403','USA'),(11041,'CHOPS',3,'1998-04-22 00:00:00','1998-05-20 00:00:00','1998-04-28 00:00:00',2,48.2200,'Chop-suey Chinese','Hauptstr. 31','Bern',NULL,'3012','Switzerland'),(11042,'COMMI',2,'1998-04-22 00:00:00','1998-05-06 00:00:00','1998-05-01 00:00:00',1,29.9900,'Comrcio Mineiro','Av. dos Lusadas, 23','Sao Paulo','SP','05432-043','Brazil'),(11043,'SPECD',5,'1998-04-22 00:00:00','1998-05-20 00:00:00','1998-04-29 00:00:00',2,8.8000,'Spcialits du monde','25, rue Lauriston','Paris',NULL,'75016','France'),(11044,'WOLZA',4,'1998-04-23 00:00:00','1998-05-21 00:00:00','1998-05-01 00:00:00',1,8.7200,'Wolski Zajazd','ul. Filtrowa 68','Warszawa',NULL,'01-012','Poland'),(11045,'BOTTM',6,'1998-04-23 00:00:00','1998-05-21 00:00:00',NULL,2,70.5800,'Bottom-Dollar Markets','23 Tsawassen Blvd.','Tsawassen','BC','T2F 8M4','Canada'),(11046,'WANDK',8,'1998-04-23 00:00:00','1998-05-21 00:00:00','1998-04-24 00:00:00',2,71.6400,'Die Wandernde Kuh','Adenauerallee 900','Stuttgart',NULL,'70563','Germany'),(11047,'EASTC',7,'1998-04-24 00:00:00','1998-05-22 00:00:00','1998-05-01 00:00:00',3,46.6200,'Eastern Connection','35 King George','London',NULL,'WX3 6FW','UK'),(11048,'BOTTM',7,'1998-04-24 00:00:00','1998-05-22 00:00:00','1998-04-30 00:00:00',3,24.1200,'Bottom-Dollar Markets','23 Tsawassen Blvd.','Tsawassen','BC','T2F 8M4','Canada'),(11049,'GOURL',3,'1998-04-24 00:00:00','1998-05-22 00:00:00','1998-05-04 00:00:00',1,8.3400,'Gourmet Lanchonetes','Av. Brasil, 442','Campinas','SP','04876-786','Brazil'),(11050,'FOLKO',8,'1998-04-27 00:00:00','1998-05-25 00:00:00','1998-05-05 00:00:00',2,59.4100,'Folk och f HB','kergatan 24','Brcke',NULL,'S-844 67','Sweden'),(11051,'LAMAI',7,'1998-04-27 00:00:00','1998-05-25 00:00:00',NULL,3,2.7900,'La maison d-Asie','1 rue Alsace-Lorraine','Toulouse',NULL,'31000','France'),(11052,'HANAR',3,'1998-04-27 00:00:00','1998-05-25 00:00:00','1998-05-01 00:00:00',1,67.2600,'Hanari Carnes','Rua do Pao, 67','Rio de Janeiro','RJ','05454-876','Brazil'),(11053,'PICCO',2,'1998-04-27 00:00:00','1998-05-25 00:00:00','1998-04-29 00:00:00',2,53.0500,'Piccolo und mehr','Geislweg 14','Salzburg',NULL,'5020','Austria'),(11054,'CACTU',8,'1998-04-28 00:00:00','1998-05-26 00:00:00',NULL,1,0.3300,'Cactus Comidas para llevar','Cerrito 333','Buenos Aires',NULL,'1010','Argentina'),(11055,'HILAA',7,'1998-04-28 00:00:00','1998-05-26 00:00:00','1998-05-05 00:00:00',2,120.9200,'HILARION-Abastos','Carrera 22 con Ave. Carlos Soublette #8-35','San Cristbal','Tchira','5022','Venezuela'),(11056,'EASTC',8,'1998-04-28 00:00:00','1998-05-12 00:00:00','1998-05-01 00:00:00',2,278.9600,'Eastern Connection','35 King George','London',NULL,'WX3 6FW','UK'),(11057,'NORTS',3,'1998-04-29 00:00:00','1998-05-27 00:00:00','1998-05-01 00:00:00',3,4.1300,'North/South','South House 300 Queensbridge','London',NULL,'SW7 1RZ','UK'),(11058,'BLAUS',9,'1998-04-29 00:00:00','1998-05-27 00:00:00',NULL,3,31.1400,'Blauer See Delikatessen','Forsterstr. 57','Mannheim',NULL,'68306','Germany'),(11059,'RICAR',2,'1998-04-29 00:00:00','1998-06-10 00:00:00',NULL,2,85.8000,'Ricardo Adocicados','Av. Copacabana, 267','Rio de Janeiro','RJ','02389-890','Brazil'),(11060,'FRANS',2,'1998-04-30 00:00:00','1998-05-28 00:00:00','1998-05-04 00:00:00',2,10.9800,'Franchi S.p.A.','Via Monte Bianco 34','Torino',NULL,'10100','Italy'),(11061,'GREAL',4,'1998-04-30 00:00:00','1998-06-11 00:00:00',NULL,3,14.0100,'Great Lakes Food Market','2732 Baker Blvd.','Eugene','OR','97403','USA'),(11062,'REGGC',4,'1998-04-30 00:00:00','1998-05-28 00:00:00',NULL,2,29.9300,'Reggiani Caseifici','Strada Provinciale 124','Reggio Emilia',NULL,'42100','Italy'),(11063,'HUNGO',3,'1998-04-30 00:00:00','1998-05-28 00:00:00','1998-05-06 00:00:00',2,81.7300,'Hungry Owl All-Night Grocers','8 Johnstown Road','Cork','Co. Cork',NULL,'Ireland'),(11064,'SAVEA',1,'1998-05-01 00:00:00','1998-05-29 00:00:00','1998-05-04 00:00:00',1,30.0900,'Save-a-lot Markets','187 Suffolk Ln.','Boise','ID','83720','USA'),(11065,'LILAS',8,'1998-05-01 00:00:00','1998-05-29 00:00:00',NULL,1,12.9100,'LILA-Supermercado','Carrera 52 con Ave. Bolvar #65-98 Llano Largo','Barquisimeto','Lara','3508','Venezuela'),(11066,'WHITC',7,'1998-05-01 00:00:00','1998-05-29 00:00:00','1998-05-04 00:00:00',2,44.7200,'White Clover Markets','1029 - 12th Ave. S.','Seattle','WA','98124','USA'),(11067,'DRACD',1,'1998-05-04 00:00:00','1998-05-18 00:00:00','1998-05-06 00:00:00',2,7.9800,'Drachenblut Delikatessen','Walserweg 21','Aachen',NULL,'52066','Germany'),(11068,'QUEEN',8,'1998-05-04 00:00:00','1998-06-01 00:00:00',NULL,2,81.7500,'Queen Cozinha','Alameda dos Canrios, 891','Sao Paulo','SP','05487-020','Brazil'),(11069,'TORTU',1,'1998-05-04 00:00:00','1998-06-01 00:00:00','1998-05-06 00:00:00',2,15.6700,'Tortuga Restaurante','Avda. Azteca 123','Mxico D.F.',NULL,'5033','Mexico'),(11070,'LEHMS',2,'1998-05-05 00:00:00','1998-06-02 00:00:00',NULL,1,136.0000,'Lehmanns Marktstand','Magazinweg 7','Frankfurt a.M.',NULL,'60528','Germany'),(11071,'LILAS',1,'1998-05-05 00:00:00','1998-06-02 00:00:00',NULL,1,0.9300,'LILA-Supermercado','Carrera 52 con Ave. Bolvar #65-98 Llano Largo','Barquisimeto','Lara','3508','Venezuela'),(11072,'ERNSH',4,'1998-05-05 00:00:00','1998-06-02 00:00:00',NULL,2,258.6400,'Ernst Handel','Kirchgasse 6','Graz',NULL,'8010','Austria'),(11073,'PERIC',2,'1998-05-05 00:00:00','1998-06-02 00:00:00',NULL,2,24.9500,'Pericles Comidas clsicas','Calle Dr. Jorge Cash 321','Mxico D.F.',NULL,'5033','Mexico'),(11074,'SIMOB',7,'1998-05-06 00:00:00','1998-06-03 00:00:00',NULL,2,18.4400,'Simons bistro','Vinbltet 34','Kobenhavn',NULL,'1734','Denmark'),(11075,'RICSU',8,'1998-05-06 00:00:00','1998-06-03 00:00:00',NULL,2,6.1900,'Richter Supermarkt','Starenweg 5','Genve',NULL,'1204','Switzerland'),(11076,'BONAP',4,'1998-05-06 00:00:00','1998-06-03 00:00:00',NULL,2,38.2800,'Bon app-','12, rue des Bouchers','Marseille',NULL,'13008','France'),(11077,'RATTC',1,'1998-05-06 00:00:00','1998-06-03 00:00:00',NULL,2,8.5300,'Rattlesnake Canyon Grocery','2817 Milton Dr.','Albuquerque','NM','87110','USA');
/*!40000 ALTER TABLE `Orders` ENABLE KEYS */;
UNLOCK TABLES;

--
-- Table structure for table `Products`
--

DROP TABLE IF EXISTS `Products`;
/*!40101 SET @saved_cs_client     = @@character_set_client */;
/*!40101 SET character_set_client = utf8 */;
CREATE TABLE `Products` (
  `ProductID` int(11) NOT NULL AUTO_INCREMENT,
  `ProductName` varchar(40) NOT NULL,
  `SupplierID` int(11) DEFAULT NULL,
  `CategoryID` int(11) DEFAULT NULL,
  `QuantityPerUnit` varchar(20) DEFAULT NULL,
  `UnitPrice` decimal(10,4) DEFAULT 0.0000,
  `UnitsInStock` smallint(2) DEFAULT 0,
  `UnitsOnOrder` smallint(2) DEFAULT 0,
  `ReorderLevel` smallint(2) DEFAULT 0,
  `Discontinued` bit(1) NOT NULL DEFAULT b'0',
  PRIMARY KEY (`ProductID`),
  KEY `ProductName` (`ProductName`),
  KEY `FK_Products_Categories` (`CategoryID`),
  KEY `FK_Products_Suppliers` (`SupplierID`),
  CONSTRAINT `FK_Products_Categories` FOREIGN KEY (`CategoryID`) REFERENCES `Categories` (`CategoryID`),
  CONSTRAINT `FK_Products_Suppliers` FOREIGN KEY (`SupplierID`) REFERENCES `Suppliers` (`SupplierID`)
) ENGINE=InnoDB AUTO_INCREMENT=136 DEFAULT CHARSET=latin1 COLLATE=latin1_swedish_ci;
/*!40101 SET character_set_client = @saved_cs_client */;

--
-- Dumping data for table `Products`
--

LOCK TABLES `Products` WRITE;
/*!40000 ALTER TABLE `Products` DISABLE KEYS */;
INSERT INTO `Products` VALUES (1,'Chai',1,1,'10 boxes x 20 bags',18.0000,45,4,10,'\0'),(2,'Chang',1,1,'24 - 12 oz bottles',19.0000,20,25,25,'\0'),(3,'Aniseed Syrup',1,2,'12 - 550 ml bottles',10.0000,130,10,25,'\0'),(4,'Chef Anton\'s Cajun Seasoning',2,2,'48 - 6 oz jars',22.0000,53,0,0,'\0'),(5,'Chef Anton\'s Gumbo Mix',2,2,'36 boxes',21.3500,0,0,0,''),(6,'Grandma\'s Boysenberry Spread',3,2,'12 - 8 oz jars',25.0000,120,0,25,'\0'),(7,'Uncle Bob\'s Organic Dried Pears',3,7,'12 - 1 lb pkgs.',30.0000,15,0,10,'\0'),(8,'Northwoods Cranberry Sauce',3,2,'12 - 12 oz jars',40.0000,6,0,0,'\0'),(9,'Mishi Kobe Niku',4,6,'18 - 500 g pkgs.',97.0000,29,0,0,''),(10,'Ikura',4,8,'12 - 200 ml jars',31.0000,31,0,0,'\0'),(11,'Queso Cabrales',5,4,'1 kg pkg.',21.0000,22,30,30,'\0'),(12,'Queso Manchego La Pastora',5,4,'10 - 500 g pkgs.',38.0000,86,0,0,'\0'),(13,'Konbu',6,8,'2 kg box',6.0000,24,0,5,'\0'),(14,'Tofu',6,7,'40 - 100 g pkgs.',23.2500,35,0,0,'\0'),(15,'Genen Shouyu',6,2,'24 - 250 ml bottles',15.5000,39,0,5,'\0'),(16,'Pavlova',7,3,'32 - 500 g boxes',17.4500,29,0,10,'\0'),(17,'Alice Mutton',7,6,'20 - 1 kg tins',39.0000,0,0,0,''),(18,'Carnarvon Tigers',7,8,'16 kg pkg.',62.5000,42,0,0,'\0'),(19,'Teatime Chocolate Biscuits',8,3,'10 boxes x 12 pieces',9.2000,25,0,5,'\0'),(20,'Sir Rodney\'s Marmalade',8,3,'30 gift boxes',81.0000,40,0,0,'\0'),(21,'Sir Rodney\'s Scones',8,3,'24 pkgs. x 4 pieces',10.0000,3,40,5,'\0'),(22,'Gustaf\'s Knckebrd',9,5,'24 - 500 g pkgs.',21.0000,104,0,25,'\0'),(23,'Tunnbrd',9,5,'12 - 250 g pkgs.',9.0000,61,0,25,'\0'),(24,'Guaran Fantstica',10,1,'12 - 355 ml cans',4.5000,20,0,0,''),(25,'NuNuCa Nu-Nougat-Creme',11,3,'20 - 450 g glasses',14.0000,76,0,30,'\0'),(26,'Gumbr Gummibrchen',11,3,'100 - 250 g bags',31.2300,15,0,0,'\0'),(27,'Schoggi Schokolade',11,3,'100 - 100 g pieces',43.9000,49,0,30,'\0'),(28,'Rssle Sauerkraut',12,7,'25 - 825 g cans',45.6000,26,0,0,''),(29,'Thringer Rostbratwurst',12,6,'50 bags x 30 sausgs.',123.7900,0,0,0,''),(30,'Nord-Ost Matjeshering',13,8,'10 - 200 g glasses',25.8900,10,0,15,'\0'),(31,'Gorgonzola Telino',14,4,'12 - 100 g pkgs',12.5000,0,70,20,'\0'),(32,'Mascarpone Fabioli',14,4,'24 - 200 g pkgs.',32.0000,9,40,25,'\0'),(33,'Geitost',15,4,'500 g',2.5000,112,0,20,'\0'),(34,'Sasquatch Ale',16,1,'24 - 12 oz bottles',14.0000,111,0,15,'\0'),(35,'Steeleye Stout',16,1,'24 - 12 oz bottles',18.0000,20,0,15,'\0'),(36,'Inlagd Sill',17,8,'24 - 250 g  jars',19.0000,112,0,20,'\0'),(37,'Gravad lax',17,8,'12 - 500 g pkgs.',26.0000,11,50,25,'\0'),(38,'Cte de Blaye',18,1,'12 - 75 cl bottles',263.5000,17,0,15,'\0'),(39,'Chartreuse verte',18,1,'750 cc per bottle',18.0000,69,0,5,'\0'),(40,'Boston Crab Meat',19,8,'24 - 4 oz tins',18.4000,123,0,30,'\0'),(41,'Jack\'s New England Clam Chowder',19,8,'12 - 12 oz cans',9.6500,85,0,10,'\0'),(42,'Singaporean Hokkien Fried Mee',20,5,'32 - 1 kg pkgs.',14.0000,26,0,0,''),(43,'Ipoh Coffee',20,1,'16 - 500 g tins',46.0000,17,10,25,'\0'),(44,'Gula Malacca',20,2,'20 - 2 kg bags',19.4500,27,0,15,'\0'),(45,'Rogede sild',21,8,'1k pkg.',9.5000,5,70,15,'\0'),(46,'Spegesild',21,8,'4 - 450 g glasses',12.0000,95,0,0,'\0'),(47,'Zaanse koeken',22,3,'10 - 4 oz boxes',9.5000,36,0,0,'\0'),(48,'Chocolade',22,3,'10 pkgs.',12.7500,15,70,25,'\0'),(49,'Maxilaku',23,3,'24 - 50 g pkgs.',20.0000,10,60,15,'\0'),(50,'Valkoinen suklaa',23,3,'12 - 100 g bars',16.2500,65,0,30,'\0'),(51,'Manjimup Dried Apples',24,7,'50 - 300 g pkgs.',53.0000,20,0,10,'\0'),(52,'Filo Mix',24,5,'16 - 2 kg boxes',7.0000,38,0,25,'\0'),(53,'Perth Pasties',24,6,'48 pieces',32.8000,0,0,0,''),(54,'Tourtire',25,6,'16 pies',7.4500,21,0,10,'\0'),(55,'Pt chinois',25,6,'24 boxes x 2 pies',24.0000,115,0,20,'\0'),(56,'Gnocchi di nonna Alice',26,5,'24 - 250 g pkgs.',38.0000,21,10,30,'\0'),(57,'Ravioli Angelo',26,5,'24 - 250 g pkgs.',19.5000,36,0,20,'\0'),(58,'Escargots de Bourgogne',27,8,'24 pieces',13.2500,62,0,20,'\0'),(59,'Raclette Courdavault',28,4,'5 kg pkg.',55.0000,79,0,0,'\0'),(60,'Camembert Pierrot',28,4,'15 - 300 g rounds',34.0000,19,0,0,'\0'),(61,'Sirop d\'rable',29,2,'24 - 500 ml bottles',28.5000,113,0,25,'\0'),(62,'Tarte au sucre',29,3,'48 pies',49.3000,17,0,0,'\0'),(63,'Vegie-spread',7,2,'15 - 625 g jars',43.9000,24,0,5,'\0'),(64,'Wimmers gute Semmelkndel',12,5,'20 bags x 4 pieces',33.2500,22,80,30,'\0'),(65,'Louisiana Fiery Hot Pepper Sauce',2,2,'32 - 8 oz bottles',21.0500,76,0,0,'\0'),(66,'Louisiana Hot Spiced Okra',2,2,'24 - 8 oz jars',17.0000,4,100,20,'\0'),(67,'Laughing Lumberjack Lager',16,1,'24 - 12 oz bottles',14.0000,52,0,10,'\0'),(68,'Scottish Longbreads',8,3,'10 boxes x 8 pieces',12.5000,6,10,15,'\0'),(69,'Gudbrandsdalsost',15,4,'10 kg pkg.',36.0000,26,0,15,'\0'),(70,'Outback Lager',7,1,'24 - 355 ml bottles',15.0000,15,10,30,'\0'),(71,'Flotemysost',15,4,'10 - 500 g pkgs.',21.5000,26,0,0,'\0'),(72,'Mozzarella di Giovanni',14,4,'24 - 200 g pkgs.',34.8000,14,0,0,'\0'),(73,'Rd Kaviar',17,8,'24 - 150 g jars',15.0000,101,0,5,'\0'),(74,'Longlife Tofu',4,7,'5 kg pkg.',10.0000,4,20,5,'\0'),(75,'Rhnbru Klosterbier',12,1,'24 - 0.5 l bottles',7.7500,125,0,25,'\0'),(76,'Lakkalikri',23,1,'500 ml',18.0000,57,0,20,'\0'),(77,'Original Frankfurter grne Soe',12,2,'12 boxes',13.0000,32,0,15,'\0'),(91,'Test Integration Should fail',1,NULL,NULL,NULL,NULL,NULL,NULL,'\0'),(92,'test product',NULL,1,NULL,NULL,NULL,0,0,'\0'),(132,'Dovleac',NULL,NULL,'1',2.0000,10000,0,NULL,'\0');
/*!40000 ALTER TABLE `Products` ENABLE KEYS */;
UNLOCK TABLES;

--
-- Table structure for table `Region`
--

DROP TABLE IF EXISTS `Region`;
/*!40101 SET @saved_cs_client     = @@character_set_client */;
/*!40101 SET character_set_client = utf8 */;
CREATE TABLE `Region` (
  `RegionID` int(11) NOT NULL,
  `RegionDescription` varchar(50) NOT NULL,
  PRIMARY KEY (`RegionID`)
) ENGINE=InnoDB DEFAULT CHARSET=latin1 COLLATE=latin1_swedish_ci;
/*!40101 SET character_set_client = @saved_cs_client */;

--
-- Dumping data for table `Region`
--

LOCK TABLES `Region` WRITE;
/*!40000 ALTER TABLE `Region` DISABLE KEYS */;
INSERT INTO `Region` VALUES (1,'Eastern                                           '),(2,'Westerns                                          '),(3,'Northern                                          '),(4,'Southern                                          ');
/*!40000 ALTER TABLE `Region` ENABLE KEYS */;
UNLOCK TABLES;

--
-- Table structure for table `Shippers`
--

DROP TABLE IF EXISTS `Shippers`;
/*!40101 SET @saved_cs_client     = @@character_set_client */;
/*!40101 SET character_set_client = utf8 */;
CREATE TABLE `Shippers` (
  `ShipperID` int(11) NOT NULL AUTO_INCREMENT,
  `CompanyName` varchar(40) NOT NULL,
  `Phone` varchar(24) DEFAULT NULL,
  PRIMARY KEY (`ShipperID`)
) ENGINE=InnoDB AUTO_INCREMENT=4 DEFAULT CHARSET=latin1 COLLATE=latin1_swedish_ci;
/*!40101 SET character_set_client = @saved_cs_client */;

--
-- Dumping data for table `Shippers`
--

LOCK TABLES `Shippers` WRITE;
/*!40000 ALTER TABLE `Shippers` DISABLE KEYS */;
INSERT INTO `Shippers` VALUES (1,'Speedy Express','(503) 555-9831'),(2,'United Package','(503) 555-3199'),(3,'Federal Shipping','(503) 555-9931');
/*!40000 ALTER TABLE `Shippers` ENABLE KEYS */;
UNLOCK TABLES;

--
-- Table structure for table `Suppliers`
--

DROP TABLE IF EXISTS `Suppliers`;
/*!40101 SET @saved_cs_client     = @@character_set_client */;
/*!40101 SET character_set_client = utf8 */;
CREATE TABLE `Suppliers` (
  `SupplierID` int(11) NOT NULL AUTO_INCREMENT,
  `CompanyName` varchar(40) NOT NULL,
  `ContactName` varchar(30) DEFAULT NULL,
  `ContactTitle` varchar(30) DEFAULT NULL,
  `Address` varchar(60) DEFAULT NULL,
  `City` varchar(15) DEFAULT NULL,
  `Region` varchar(15) DEFAULT NULL,
  `PostalCode` varchar(10) DEFAULT NULL,
  `Country` varchar(15) DEFAULT NULL,
  `Phone` varchar(24) DEFAULT NULL,
  `Fax` varchar(24) DEFAULT NULL,
  `HomePage` mediumtext DEFAULT NULL,
  PRIMARY KEY (`SupplierID`),
  KEY `CompanyName` (`CompanyName`),
  KEY `PostalCode` (`PostalCode`)
) ENGINE=InnoDB AUTO_INCREMENT=30 DEFAULT CHARSET=latin1 COLLATE=latin1_swedish_ci;
/*!40101 SET character_set_client = @saved_cs_client */;

--
-- Dumping data for table `Suppliers`
--

LOCK TABLES `Suppliers` WRITE;
/*!40000 ALTER TABLE `Suppliers` DISABLE KEYS */;
INSERT INTO `Suppliers` VALUES (1,'Exotic Liquids','Charlotte Cooper','Purchasing Manager','49 Gilbert St.','London',NULL,'EC1 4SD','UK','(171) 555-2222',NULL,NULL),(2,'New Orleans Cajun Delights','Shelley Burke','Order Administrator','P.O. Box 78934','New Orleans','LA','70117','USA','(100) 555-4822',NULL,'#CAJUN.HTM#'),(3,'Grandma Kelly\'s Homestead','Regina Murphy','Sales Representative','707 Oxford Rd.','Ann Arbor','MI','48104','USA','(313) 555-5735','(313) 555-3349',NULL),(4,'Tokyo Traders','Yoshi Nagase','Marketing Manager','9-8 Sekimai\nMusashino-shi','Tokyo',NULL,'100','Japan','(03) 3555-5011',NULL,NULL),(5,'Cooperativa de Quesos \'Las Cabras\'','Antonio del Valle Saavedra ','Export Administrator','Calle del Rosal 4','Oviedo','Asturias','33007','Spain','(98) 598 76 54',NULL,NULL),(6,'Mayumi\'s','Mayumi Ohno','Marketing Representative','92 Setsuko\nChuo-ku','Osaka',NULL,'545','Japan','(06) 431-7877',NULL,'Mayumi\'s (on the World Wide Web)#http://www.microsoft.com/accessdev/sampleapps/mayumi.htm#'),(7,'Pavlova, Ltd.','Ian Devling','Marketing Manager','74 Rose St.\nMoonie Ponds','Melbourne','Victoria','3058','Australia','(03) 444-2343','(03) 444-6588',NULL),(8,'Specialty Biscuits, Ltd.','Peter Wilson','Sales Representative','29 King\'s Way','Manchester',NULL,'M14 GSD','UK','(161) 555-4448',NULL,NULL),(9,'PB Knckebrd AB','Lars Peterson','Sales Agent','Kaloadagatan 13','Gteborg',NULL,'S-345 67','Sweden ','031-987 65 43','031-987 65 91',NULL),(10,'Refrescos Americanas LTDA','Carlos Diaz','Marketing Manager','Av. das Americanas 12.890','So Paulo',NULL,'5442','Brazil','(11) 555 4640',NULL,NULL),(11,'Heli Swaren GmbH & Co. KG','Petra Winkler','Sales Manager','Tiergartenstrae 5','Berlin',NULL,'10785','Germany','(010) 9984510',NULL,NULL),(12,'Plutzer Lebensmittelgromrkte AG','Martin Bein','International Marketing Mgr.','Bogenallee 51','Frankfurt',NULL,'60439','Germany','(069) 992755',NULL,'Plutzer (on the World Wide Web)#http://www.microsoft.com/accessdev/sampleapps/plutzer.htm#'),(13,'Nord-Ost-Fisch Handelsgesellschaft mbH','Sven Petersen','Coordinator Foreign Markets','Frahmredder 112a','Cuxhaven',NULL,'27478','Germany','(04721) 8713','(04721) 8714',NULL),(14,'Formaggi Fortini s.r.l.','Elio Rossi','Sales Representative','Viale Dante, 75','Ravenna',NULL,'48100','Italy','(0544) 60323','(0544) 60603','#FORMAGGI.HTM#'),(15,'Norske Meierier','Beate Vileid','Marketing Manager','Hatlevegen 5','Sandvika',NULL,'1320','Norway','(0)2-953010',NULL,NULL),(16,'Bigfoot Breweries','Cheryl Saylor','Regional Account Rep.','3400 - 8th Avenue\nSuite 210','Bend','OR','97101','USA','(503) 555-9931',NULL,NULL),(17,'Svensk Sjfda AB','Michael Bjrn','Sales Representative','Brovallavgen 231','Stockholm',NULL,'S-123 45','Sweden','08-123 45 67',NULL,NULL),(18,'Aux joyeux ecclsiastiques','Guylne Nodier','Sales Manager','203, Rue des Francs-Bourgeois','Paris',NULL,'75004','France','(1) 03.83.00.68','(1) 03.83.00.62',NULL),(19,'New England Seafood Cannery','Robb Merchant','Wholesale Account Agent','Order Processing Dept.\n2100 Paul Revere Blvd.','Boston','MA','02134','USA','(617) 555-3267','(617) 555-3389',NULL),(20,'Leka Trading','Chandra Leka','Owner','471 Serangoon Loop, Suite #402','Singapore',NULL,'0512','Singapore','555-8787',NULL,NULL),(21,'Lyngbysild','Niels Petersen','Sales Manager','Lyngbysild\nFiskebakken 10','Lyngby',NULL,'2800','Denmark','43844108','43844115',NULL),(22,'Zaanse Snoepfabriek','Dirk Luchte','Accounting Manager','Verkoop\nRijnweg 22','Zaandam',NULL,'9999 ZZ','Netherlands','(12345) 1212','(12345) 1210',NULL),(23,'Karkki Oy','Anne Heikkonen','Product Manager','Valtakatu 12','Lappeenranta',NULL,'53120','Finland','(953) 10956',NULL,NULL),(24,'G\'day, Mate','Wendy Mackenzie','Sales Representative','170 Prince Edward Parade\nHunter\'s Hill','Sydney','NSW','2042','Australia','(02) 555-5914','(02) 555-4873','G\'day Mate (on the World Wide Web)#http://www.microsoft.com/accessdev/sampleapps/gdaymate.htm#'),(25,'Ma Maison','Jean-Guy Lauzon','Marketing Manager','2960 Rue St. Laurent','Montral','Qubec','H1J 1C3','Canada','(514) 555-9022',NULL,NULL),(26,'Pasta Buttini s.r.l.','Giovanni Giudici','Order Administrator','Via dei Gelsomini, 153','Salerno',NULL,'84100','Italy','(089) 6547665','(089) 6547667',NULL),(27,'Escargots Nouveaux','Marie Delamare','Sales Manager','22, rue H. Voiron','Montceau',NULL,'71300','France','85.57.00.07',NULL,NULL),(28,'Gai pturage','Eliane Noz','Sales Representative','Bat. B\n3, rue des Alpes','Annecy',NULL,'74000','France','38.76.98.06','38.76.98.58',NULL),(29,'Forts d\'rables','Chantal Goulet','Accounting Manager','148 rue Chasseur','Ste-Hyacinthe','Qubec','J2S 7S8','Canada','(514) 555-2955','(514) 555-2921',NULL);
/*!40000 ALTER TABLE `Suppliers` ENABLE KEYS */;
UNLOCK TABLES;

--
-- Table structure for table `Territories`
--

DROP TABLE IF EXISTS `Territories`;
/*!40101 SET @saved_cs_client     = @@character_set_client */;
/*!40101 SET character_set_client = utf8 */;
CREATE TABLE `Territories` (
  `TerritoryID` varchar(20) NOT NULL,
  `TerritoryDescription` varchar(50) NOT NULL,
  `RegionID` int(11) NOT NULL,
  PRIMARY KEY (`TerritoryID`),
  KEY `FK_Territories_Region` (`RegionID`),
  CONSTRAINT `FK_Territories_Region` FOREIGN KEY (`RegionID`) REFERENCES `Region` (`RegionID`)
) ENGINE=InnoDB DEFAULT CHARSET=latin1 COLLATE=latin1_swedish_ci;
/*!40101 SET character_set_client = @saved_cs_client */;

--
-- Dumping data for table `Territories`
--

LOCK TABLES `Territories` WRITE;
/*!40000 ALTER TABLE `Territories` DISABLE KEYS */;
INSERT INTO `Territories` VALUES ('01581','Westboro                                          ',1),('01730','Bedford                                           ',1),('01833','Georgetow                                         ',1),('02116','Boston                                            ',1),('02139','Cambridge                                         ',1),('02184','Braintree                                         ',1),('02903','Providence                                        ',1),('03049','Hollis                                            ',3),('03801','Portsmouth                                        ',3),('06897','Wilton                                            ',1),('07960','Morristown                                        ',1),('08837','Edison                                            ',1),('10019','New York                                          ',1),('10038','New York                                          ',1),('11747','Mellvile                                          ',1),('14450','Fairport                                          ',1),('19428','Philadelphia                                      ',3),('19713','Neward                                            ',1),('20852','Rockville                                         ',1),('27403','Greensboro                                        ',1),('27511','Cary                                              ',1),('29202','Columbia                                          ',4),('30346','Atlanta                                           ',4),('31406','Savannah                                          ',4),('32859','Orlando                                           ',4),('33607','Tampa                                             ',4),('40222','Louisville                                        ',1),('44122','Beachwood                                         ',3),('45839','Findlay                                           ',3),('48075','Southfield                                        ',3),('48084','Troy                                              ',3),('48304','Bloomfield Hills                                  ',3),('53404','Racine                                            ',3),('55113','Roseville                                         ',3),('55439','Minneapolis                                       ',3),('60179','Hoffman Estates                                   ',2),('60601','Chicago                                           ',2),('72716','Bentonville                                       ',4),('75234','Dallas                                            ',4),('78759','Austin                                            ',4),('80202','Denver                                            ',2),('80909','Colorado Springs                                  ',2),('85014','Phoenix                                           ',2),('85251','Scottsdale                                        ',2),('90405','Santa Monica                                      ',2),('94025','Menlo Park                                        ',2),('94105','San Francisco                                     ',2),('95008','Campbell                                          ',2),('95054','Santa Clara                                       ',2),('95060','Santa Cruz                                        ',2),('98004','Bellevue                                          ',2),('98052','Redmond                                           ',2),('98104','Seattle                                           ',2);
/*!40000 ALTER TABLE `Territories` ENABLE KEYS */;
UNLOCK TABLES;

--
-- Table structure for table `distributed_transactions`
--

DROP TABLE IF EXISTS `distributed_transactions`;
/*!40101 SET @saved_cs_client     = @@character_set_client */;
/*!40101 SET character_set_client = utf8 */;
CREATE TABLE `distributed_transactions` (
  `id` int(11) NOT NULL AUTO_INCREMENT,
  `transaction_date` datetime DEFAULT current_timestamp(),
  `transaction_id` bigint(20) NOT NULL,
  `status` varchar(100) NOT NULL,
  PRIMARY KEY (`id`)
) ENGINE=InnoDB AUTO_INCREMENT=33 DEFAULT CHARSET=latin1 COLLATE=latin1_swedish_ci;
/*!40101 SET character_set_client = @saved_cs_client */;

--
-- Dumping data for table `distributed_transactions`
--

LOCK TABLES `distributed_transactions` WRITE;
/*!40000 ALTER TABLE `distributed_transactions` DISABLE KEYS */;
INSERT INTO `distributed_transactions` VALUES (10,'2022-12-10 00:00:00',111,'0'),(11,'2022-12-22 00:00:00',2001,'0'),(12,'2022-12-22 00:00:00',2002,'0'),(13,'2022-12-22 00:00:00',2003,'0'),(14,'2022-12-22 00:00:00',2006,'0'),(15,'2022-12-22 00:00:00',2007,'0'),(16,'2022-12-22 00:00:00',2008,'0'),(17,'2022-12-22 00:00:00',2009,'0'),(18,'2022-12-22 00:00:00',2010,'0'),(19,'2022-12-22 00:00:00',2011,'0'),(20,'2022-12-22 00:00:00',2012,'0'),(21,'2022-12-22 00:00:00',2013,'0'),(22,'2022-12-22 00:00:00',2016,'0'),(24,'2022-12-26 00:00:00',3002,'0'),(25,'2022-12-26 00:00:00',3003,'0'),(26,'2022-12-26 00:00:00',3004,'0'),(27,'2022-12-26 00:00:00',3005,'0'),(28,'2022-12-26 00:00:00',3006,'0'),(29,'2022-12-26 00:00:00',3007,'0'),(30,'2022-12-26 00:00:00',3008,'0'),(31,'2022-12-26 00:00:00',3009,'0'),(32,'2022-12-26 00:00:00',3010,'0');
/*!40000 ALTER TABLE `distributed_transactions` ENABLE KEYS */;
UNLOCK TABLES;

--
-- Table structure for table `hibernate_sequence`
--

DROP TABLE IF EXISTS `hibernate_sequence`;
/*!40101 SET @saved_cs_client     = @@character_set_client */;
/*!40101 SET character_set_client = utf8 */;
CREATE TABLE `hibernate_sequence` (
  `next_val` bigint(20) DEFAULT NULL
) ENGINE=InnoDB DEFAULT CHARSET=latin1 COLLATE=latin1_swedish_ci;
/*!40101 SET character_set_client = @saved_cs_client */;

--
-- Dumping data for table `hibernate_sequence`
--

LOCK TABLES `hibernate_sequence` WRITE;
/*!40000 ALTER TABLE `hibernate_sequence` DISABLE KEYS */;
INSERT INTO `hibernate_sequence` VALUES (2);
/*!40000 ALTER TABLE `hibernate_sequence` ENABLE KEYS */;
UNLOCK TABLES;

--
-- Table structure for table `microservice_transactions`
--

DROP TABLE IF EXISTS `microservice_transactions`;
/*!40101 SET @saved_cs_client     = @@character_set_client */;
/*!40101 SET character_set_client = utf8 */;
CREATE TABLE `microservice_transactions` (
  `service_transaction_id` int(11) NOT NULL AUTO_INCREMENT,
  `distributed_transaction_id` int(11) NOT NULL,
  `service_id` int(11) NOT NULL,
  `is_last_step` tinyint(1) NOT NULL DEFAULT 0,
  `state` varchar(100) NOT NULL,
  PRIMARY KEY (`service_transaction_id`),
  KEY `service_trasactions_FK_1` (`service_id`),
  KEY `microservice_transactions_FK` (`distributed_transaction_id`),
  CONSTRAINT `microservice_transactions_FK` FOREIGN KEY (`distributed_transaction_id`) REFERENCES `distributed_transactions` (`id`),
  CONSTRAINT `service_trasactions_FK_1` FOREIGN KEY (`service_id`) REFERENCES `microservices` (`service_id`)
) ENGINE=InnoDB AUTO_INCREMENT=72 DEFAULT CHARSET=latin1 COLLATE=latin1_swedish_ci;
/*!40101 SET character_set_client = @saved_cs_client */;

--
-- Dumping data for table `microservice_transactions`
--

LOCK TABLES `microservice_transactions` WRITE;
/*!40000 ALTER TABLE `microservice_transactions` DISABLE KEYS */;
INSERT INTO `microservice_transactions` VALUES (16,10,2,0,'1'),(17,10,2,0,'1'),(18,10,2,0,'1'),(19,10,2,0,'1'),(20,10,2,0,'1'),(21,10,2,0,'1'),(22,11,2,0,'1'),(23,11,2,0,'1'),(24,12,2,0,'1'),(25,12,2,0,'1'),(26,13,2,0,'1'),(27,13,2,0,'1'),(28,14,2,0,'1'),(29,14,2,0,'1'),(30,15,2,0,'1'),(31,15,2,0,'1'),(32,16,2,0,'1'),(33,16,2,0,'1'),(34,17,2,0,'1'),(35,17,2,0,'1'),(36,18,2,0,'1'),(37,18,2,0,'1'),(38,19,2,0,'1'),(39,19,2,0,'1'),(40,20,2,0,'1'),(41,20,2,0,'1'),(42,21,2,0,'1'),(43,21,2,0,'1'),(44,22,2,0,'1'),(45,22,2,0,'1'),(47,24,2,0,'1'),(48,25,2,0,'1'),(49,25,2,0,'1'),(51,26,2,0,'1'),(52,26,2,0,'1'),(54,27,2,0,'1'),(55,27,2,0,'1'),(57,28,2,0,'1'),(58,28,2,0,'1'),(60,29,2,0,'1'),(61,29,2,0,'1'),(63,30,2,0,'1'),(64,30,2,0,'1'),(66,31,2,0,'1'),(67,31,2,0,'1'),(69,32,2,0,'1'),(70,32,2,0,'1');
/*!40000 ALTER TABLE `microservice_transactions` ENABLE KEYS */;
UNLOCK TABLES;

--
-- Table structure for table `microservices`
--

DROP TABLE IF EXISTS `microservices`;
/*!40101 SET @saved_cs_client     = @@character_set_client */;
/*!40101 SET character_set_client = utf8 */;
CREATE TABLE `microservices` (
  `service_id` int(11) NOT NULL AUTO_INCREMENT,
  `service_name` varchar(255) DEFAULT NULL,
  PRIMARY KEY (`service_id`)
) ENGINE=InnoDB AUTO_INCREMENT=4 DEFAULT CHARSET=latin1 COLLATE=latin1_swedish_ci;
/*!40101 SET character_set_client = @saved_cs_client */;

--
-- Dumping data for table `microservices`
--

LOCK TABLES `microservices` WRITE;
/*!40000 ALTER TABLE `microservices` DISABLE KEYS */;
INSERT INTO `microservices` VALUES (1,'order'),(2,'product'),(3,'shipping');
/*!40000 ALTER TABLE `microservices` ENABLE KEYS */;
UNLOCK TABLES;

--
-- Table structure for table `order_details`
--

DROP TABLE IF EXISTS `order_details`;
/*!40101 SET @saved_cs_client     = @@character_set_client */;
/*!40101 SET character_set_client = utf8 */;
CREATE TABLE `order_details` (
  `OrderID` int(11) NOT NULL,
  `ProductID` int(11) NOT NULL,
  `UnitPrice` decimal(10,4) NOT NULL DEFAULT 0.0000,
  `Quantity` smallint(2) NOT NULL DEFAULT 1,
  `Discount` double(8,0) DEFAULT 0,
  `id` int(11) NOT NULL AUTO_INCREMENT,
  PRIMARY KEY (`id`),
  KEY `order_details_FK` (`OrderID`),
  KEY `order_details_FK_1` (`ProductID`),
  CONSTRAINT `order_details_FK` FOREIGN KEY (`OrderID`) REFERENCES `Orders` (`OrderID`),
  CONSTRAINT `order_details_FK_1` FOREIGN KEY (`ProductID`) REFERENCES `Products` (`ProductID`)
) ENGINE=InnoDB AUTO_INCREMENT=2217 DEFAULT CHARSET=latin1 COLLATE=latin1_swedish_ci;
/*!40101 SET character_set_client = @saved_cs_client */;

--
-- Dumping data for table `order_details`
--

LOCK TABLES `order_details` WRITE;
/*!40000 ALTER TABLE `order_details` DISABLE KEYS */;
INSERT INTO `order_details` VALUES (10248,11,14.0000,12,0,1),(10248,42,9.8000,10,0,2),(10248,72,34.8000,5,0,3),(10249,14,18.6000,9,0,4),(10249,51,42.4000,40,0,5),(10250,41,7.7000,10,0,6),(10250,51,42.4000,35,0,7),(10250,65,16.8000,15,0,8),(10251,22,16.8000,6,0,9),(10251,57,15.6000,15,0,10),(10251,65,16.8000,20,0,11),(10252,20,64.8000,40,0,12),(10252,33,2.0000,25,0,13),(10252,60,27.2000,40,0,14),(10253,31,10.0000,20,0,15),(10253,39,14.4000,42,0,16),(10253,49,16.0000,40,0,17),(10254,24,3.6000,15,0,18),(10254,55,19.2000,21,0,19),(10254,74,8.0000,21,0,20),(10255,2,15.2000,20,0,21),(10255,16,13.9000,35,0,22),(10255,36,15.2000,25,0,23),(10255,59,44.0000,30,0,24),(10256,53,26.2000,15,0,25),(10256,77,10.4000,12,0,26),(10257,27,35.1000,25,0,27),(10257,39,14.4000,6,0,28),(10257,77,10.4000,15,0,29),(10258,2,15.2000,50,0,30),(10258,5,17.0000,65,0,31),(10258,32,25.6000,6,0,32),(10259,21,8.0000,10,0,33),(10259,37,20.8000,1,0,34),(10260,41,7.7000,16,0,35),(10260,57,15.6000,50,0,36),(10260,62,39.4000,15,0,37),(10260,70,12.0000,21,0,38),(10261,21,8.0000,20,0,39),(10261,35,14.4000,20,0,40),(10262,5,17.0000,12,0,41),(10262,7,24.0000,15,0,42),(10262,56,30.4000,2,0,43),(10263,16,13.9000,60,0,44),(10263,24,3.6000,28,0,45),(10263,30,20.7000,60,0,46),(10263,74,8.0000,36,0,47),(10264,2,15.2000,35,0,48),(10264,41,7.7000,25,0,49),(10265,17,31.2000,30,0,50),(10265,70,12.0000,20,0,51),(10266,12,30.4000,12,0,52),(10267,40,14.7000,50,0,53),(10267,59,44.0000,70,0,54),(10267,76,14.4000,15,0,55),(10268,29,99.0000,10,0,56),(10268,72,27.8000,4,0,57),(10269,33,2.0000,60,0,58),(10269,72,27.8000,20,0,59),(10270,36,15.2000,30,0,60),(10270,43,36.8000,25,0,61),(10271,33,2.0000,24,0,62),(10272,20,64.8000,6,0,63),(10272,31,10.0000,40,0,64),(10272,72,27.8000,24,0,65),(10273,10,24.8000,24,0,66),(10273,31,10.0000,15,0,67),(10273,33,2.0000,20,0,68),(10273,40,14.7000,60,0,69),(10273,76,14.4000,33,0,70),(10274,71,17.2000,20,0,71),(10274,72,27.8000,7,0,72),(10275,24,3.6000,12,0,73),(10275,59,44.0000,6,0,74),(10276,10,24.8000,15,0,75),(10276,13,4.8000,10,0,76),(10277,28,36.4000,20,0,77),(10277,62,39.4000,12,0,78),(10278,44,15.5000,16,0,79),(10278,59,44.0000,15,0,80),(10278,63,35.1000,8,0,81),(10278,73,12.0000,25,0,82),(10279,17,31.2000,15,0,83),(10280,24,3.6000,12,0,84),(10280,55,19.2000,20,0,85),(10280,75,6.2000,30,0,86),(10281,19,7.3000,1,0,87),(10281,24,3.6000,6,0,88),(10281,35,14.4000,4,0,89),(10282,30,20.7000,6,0,90),(10282,57,15.6000,2,0,91),(10283,15,12.4000,20,0,92),(10283,19,7.3000,18,0,93),(10283,60,27.2000,35,0,94),(10283,72,27.8000,3,0,95),(10284,27,35.1000,15,0,96),(10284,44,15.5000,21,0,97),(10284,60,27.2000,20,0,98),(10284,67,11.2000,5,0,99),(10285,1,14.4000,45,0,100),(10285,40,14.7000,40,0,101),(10285,53,26.2000,36,0,102),(10286,35,14.4000,100,0,103),(10286,62,39.4000,40,0,104),(10287,16,13.9000,40,0,105),(10287,34,11.2000,20,0,106),(10287,46,9.6000,15,0,107),(10288,54,5.9000,10,0,108),(10288,68,10.0000,3,0,109),(10289,3,8.0000,30,0,110),(10289,64,26.6000,9,0,111),(10290,5,17.0000,20,0,112),(10290,29,99.0000,15,0,113),(10290,49,16.0000,15,0,114),(10290,77,10.4000,10,0,115),(10291,13,4.8000,20,0,116),(10291,44,15.5000,24,0,117),(10291,51,42.4000,2,0,118),(10292,20,64.8000,20,0,119),(10293,18,50.0000,12,0,120),(10293,24,3.6000,10,0,121),(10293,63,35.1000,5,0,122),(10293,75,6.2000,6,0,123),(10294,1,14.4000,18,0,124),(10294,17,31.2000,15,0,125),(10294,43,36.8000,15,0,126),(10294,60,27.2000,21,0,127),(10294,75,6.2000,6,0,128),(10295,56,30.4000,4,0,129),(10296,11,16.8000,12,0,130),(10296,16,13.9000,30,0,131),(10296,69,28.8000,15,0,132),(10297,39,14.4000,60,0,133),(10297,72,27.8000,20,0,134),(10298,2,15.2000,40,0,135),(10298,36,15.2000,40,0,136),(10298,59,44.0000,30,0,137),(10298,62,39.4000,15,0,138),(10299,19,7.3000,15,0,139),(10299,70,12.0000,20,0,140),(10300,66,13.6000,30,0,141),(10300,68,10.0000,20,0,142),(10301,40,14.7000,10,0,143),(10301,56,30.4000,20,0,144),(10302,17,31.2000,40,0,145),(10302,28,36.4000,28,0,146),(10302,43,36.8000,12,0,147),(10303,40,14.7000,40,0,148),(10303,65,16.8000,30,0,149),(10303,68,10.0000,15,0,150),(10304,49,16.0000,30,0,151),(10304,59,44.0000,10,0,152),(10304,71,17.2000,2,0,153),(10305,18,50.0000,25,0,154),(10305,29,99.0000,25,0,155),(10305,39,14.4000,30,0,156),(10306,30,20.7000,10,0,157),(10306,53,26.2000,10,0,158),(10306,54,5.9000,5,0,159),(10307,62,39.4000,10,0,160),(10307,68,10.0000,3,0,161),(10308,69,28.8000,1,0,162),(10308,70,12.0000,5,0,163),(10309,4,17.6000,20,0,164),(10309,6,20.0000,30,0,165),(10309,42,11.2000,2,0,166),(10309,43,36.8000,20,0,167),(10309,71,17.2000,3,0,168),(10310,16,13.9000,10,0,169),(10310,62,39.4000,5,0,170),(10311,42,11.2000,6,0,171),(10311,69,28.8000,7,0,172),(10312,28,36.4000,4,0,173),(10312,43,36.8000,24,0,174),(10312,53,26.2000,20,0,175),(10312,75,6.2000,10,0,176),(10313,36,15.2000,12,0,177),(10314,32,25.6000,40,0,178),(10314,58,10.6000,30,0,179),(10314,62,39.4000,25,0,180),(10315,34,11.2000,14,0,181),(10315,70,12.0000,30,0,182),(10316,41,7.7000,10,0,183),(10316,62,39.4000,70,0,184),(10317,1,14.4000,20,0,185),(10318,41,7.7000,20,0,186),(10318,76,14.4000,6,0,187),(10319,17,31.2000,8,0,188),(10319,28,36.4000,14,0,189),(10319,76,14.4000,30,0,190),(10320,71,17.2000,30,0,191),(10321,35,14.4000,10,0,192),(10322,52,5.6000,20,0,193),(10323,15,12.4000,5,0,194),(10323,25,11.2000,4,0,195),(10323,39,14.4000,4,0,196),(10324,16,13.9000,21,0,197),(10324,35,14.4000,70,0,198),(10324,46,9.6000,30,0,199),(10324,59,44.0000,40,0,200),(10324,63,35.1000,80,0,201),(10325,6,20.0000,6,0,202),(10325,13,4.8000,12,0,203),(10325,14,18.6000,9,0,204),(10325,31,10.0000,4,0,205),(10325,72,27.8000,40,0,206),(10326,4,17.6000,24,0,207),(10326,57,15.6000,16,0,208),(10326,75,6.2000,50,0,209),(10327,2,15.2000,25,0,210),(10327,11,16.8000,50,0,211),(10327,30,20.7000,35,0,212),(10327,58,10.6000,30,0,213),(10328,59,44.0000,9,0,214),(10328,65,16.8000,40,0,215),(10328,68,10.0000,10,0,216),(10329,19,7.3000,10,0,217),(10329,30,20.7000,8,0,218),(10329,38,210.8000,20,0,219),(10329,56,30.4000,12,0,220),(10330,26,24.9000,50,0,221),(10330,72,27.8000,25,0,222),(10331,54,5.9000,15,0,223),(10332,18,50.0000,40,0,224),(10332,42,11.2000,10,0,225),(10332,47,7.6000,16,0,226),(10333,14,18.6000,10,0,227),(10333,21,8.0000,10,0,228),(10333,71,17.2000,40,0,229),(10334,52,5.6000,8,0,230),(10334,68,10.0000,10,0,231),(10335,2,15.2000,7,0,232),(10335,31,10.0000,25,0,233),(10335,32,25.6000,6,0,234),(10335,51,42.4000,48,0,235),(10336,4,17.6000,18,0,236),(10337,23,7.2000,40,0,237),(10337,26,24.9000,24,0,238),(10337,36,15.2000,20,0,239),(10337,37,20.8000,28,0,240),(10337,72,27.8000,25,0,241),(10338,17,31.2000,20,0,242),(10338,30,20.7000,15,0,243),(10339,4,17.6000,10,0,244),(10339,17,31.2000,70,0,245),(10339,62,39.4000,28,0,246),(10340,18,50.0000,20,0,247),(10340,41,7.7000,12,0,248),(10340,43,36.8000,40,0,249),(10341,33,2.0000,8,0,250),(10341,59,44.0000,9,0,251),(10342,2,15.2000,24,0,252),(10342,31,10.0000,56,0,253),(10342,36,15.2000,40,0,254),(10342,55,19.2000,40,0,255),(10343,64,26.6000,50,0,256),(10343,68,10.0000,4,0,257),(10343,76,14.4000,15,0,258),(10344,4,17.6000,35,0,259),(10344,8,32.0000,70,0,260),(10345,8,32.0000,70,0,261),(10345,19,7.3000,80,0,262),(10345,42,11.2000,9,0,263),(10346,17,31.2000,36,0,264),(10346,56,30.4000,20,0,265),(10347,25,11.2000,10,0,266),(10347,39,14.4000,50,0,267),(10347,40,14.7000,4,0,268),(10347,75,6.2000,6,0,269),(10348,1,14.4000,15,0,270),(10348,23,7.2000,25,0,271),(10349,54,5.9000,24,0,272),(10350,50,13.0000,15,0,273),(10350,69,28.8000,18,0,274),(10351,38,210.8000,20,0,275),(10351,41,7.7000,13,0,276),(10351,44,15.5000,77,0,277),(10351,65,16.8000,10,0,278),(10352,24,3.6000,10,0,279),(10352,54,5.9000,20,0,280),(10353,11,16.8000,12,0,281),(10353,38,210.8000,50,0,282),(10354,1,14.4000,12,0,283),(10354,29,99.0000,4,0,284),(10355,24,3.6000,25,0,285),(10355,57,15.6000,25,0,286),(10356,31,10.0000,30,0,287),(10356,55,19.2000,12,0,288),(10356,69,28.8000,20,0,289),(10357,10,24.8000,30,0,290),(10357,26,24.9000,16,0,291),(10357,60,27.2000,8,0,292),(10358,24,3.6000,10,0,293),(10358,34,11.2000,10,0,294),(10358,36,15.2000,20,0,295),(10359,16,13.9000,56,0,296),(10359,31,10.0000,70,0,297),(10359,60,27.2000,80,0,298),(10360,28,36.4000,30,0,299),(10360,29,99.0000,35,0,300),(10360,38,210.8000,10,0,301),(10360,49,16.0000,35,0,302),(10360,54,5.9000,28,0,303),(10361,39,14.4000,54,0,304),(10361,60,27.2000,55,0,305),(10362,25,11.2000,50,0,306),(10362,51,42.4000,20,0,307),(10362,54,5.9000,24,0,308),(10363,31,10.0000,20,0,309),(10363,75,6.2000,12,0,310),(10363,76,14.4000,12,0,311),(10364,69,28.8000,30,0,312),(10364,71,17.2000,5,0,313),(10365,11,16.8000,24,0,314),(10366,65,16.8000,5,0,315),(10366,77,10.4000,5,0,316),(10367,34,11.2000,36,0,317),(10367,54,5.9000,18,0,318),(10367,65,16.8000,15,0,319),(10367,77,10.4000,7,0,320),(10368,21,8.0000,5,0,321),(10368,28,36.4000,13,0,322),(10368,57,15.6000,25,0,323),(10368,64,26.6000,35,0,324),(10369,29,99.0000,20,0,325),(10369,56,30.4000,18,0,326),(10370,1,14.4000,15,0,327),(10370,64,26.6000,30,0,328),(10370,74,8.0000,20,0,329),(10371,36,15.2000,6,0,330),(10372,20,64.8000,12,0,331),(10372,38,210.8000,40,0,332),(10372,60,27.2000,70,0,333),(10372,72,27.8000,42,0,334),(10373,58,10.6000,80,0,335),(10373,71,17.2000,50,0,336),(10374,31,10.0000,30,0,337),(10374,58,10.6000,15,0,338),(10375,14,18.6000,15,0,339),(10375,54,5.9000,10,0,340),(10376,31,10.0000,42,0,341),(10377,28,36.4000,20,0,342),(10377,39,14.4000,20,0,343),(10378,71,17.2000,6,0,344),(10379,41,7.7000,8,0,345),(10379,63,35.1000,16,0,346),(10379,65,16.8000,20,0,347),(10380,30,20.7000,18,0,348),(10380,53,26.2000,20,0,349),(10380,60,27.2000,6,0,350),(10380,70,12.0000,30,0,351),(10381,74,8.0000,14,0,352),(10382,5,17.0000,32,0,353),(10382,18,50.0000,9,0,354),(10382,29,99.0000,14,0,355),(10382,33,2.0000,60,0,356),(10382,74,8.0000,50,0,357),(10383,13,4.8000,20,0,358),(10383,50,13.0000,15,0,359),(10383,56,30.4000,20,0,360),(10384,20,64.8000,28,0,361),(10384,60,27.2000,15,0,362),(10385,7,24.0000,10,0,363),(10385,60,27.2000,20,0,364),(10385,68,10.0000,8,0,365),(10386,24,3.6000,15,0,366),(10386,34,11.2000,10,0,367),(10387,24,3.6000,15,0,368),(10387,28,36.4000,6,0,369),(10387,59,44.0000,12,0,370),(10387,71,17.2000,15,0,371),(10388,45,7.6000,15,0,372),(10388,52,5.6000,20,0,373),(10388,53,26.2000,40,0,374),(10389,10,24.8000,16,0,375),(10389,55,19.2000,15,0,376),(10389,62,39.4000,20,0,377),(10389,70,12.0000,30,0,378),(10390,31,10.0000,60,0,379),(10390,35,14.4000,40,0,380),(10390,46,9.6000,45,0,381),(10390,72,27.8000,24,0,382),(10391,13,4.8000,18,0,383),(10392,69,28.8000,50,0,384),(10393,2,15.2000,25,0,385),(10393,14,18.6000,42,0,386),(10393,25,11.2000,7,0,387),(10393,26,24.9000,70,0,388),(10393,31,10.0000,32,0,389),(10394,13,4.8000,10,0,390),(10394,62,39.4000,10,0,391),(10395,46,9.6000,28,0,392),(10395,53,26.2000,70,0,393),(10395,69,28.8000,8,0,394),(10396,23,7.2000,40,0,395),(10396,71,17.2000,60,0,396),(10396,72,27.8000,21,0,397),(10397,21,8.0000,10,0,398),(10397,51,42.4000,18,0,399),(10398,35,14.4000,30,0,400),(10398,55,19.2000,120,0,401),(10399,68,10.0000,60,0,402),(10399,71,17.2000,30,0,403),(10399,76,14.4000,35,0,404),(10399,77,10.4000,14,0,405),(10400,29,99.0000,21,0,406),(10400,35,14.4000,35,0,407),(10400,49,16.0000,30,0,408),(10401,30,20.7000,18,0,409),(10401,56,30.4000,70,0,410),(10401,65,16.8000,20,0,411),(10401,71,17.2000,60,0,412),(10402,23,7.2000,60,0,413),(10402,63,35.1000,65,0,414),(10403,16,13.9000,21,0,415),(10403,48,10.2000,70,0,416),(10404,26,24.9000,30,0,417),(10404,42,11.2000,40,0,418),(10404,49,16.0000,30,0,419),(10405,3,8.0000,50,0,420),(10406,1,14.4000,10,0,421),(10406,21,8.0000,30,0,422),(10406,28,36.4000,42,0,423),(10406,36,15.2000,5,0,424),(10406,40,14.7000,2,0,425),(10407,11,16.8000,30,0,426),(10407,69,28.8000,15,0,427),(10407,71,17.2000,15,0,428),(10408,37,20.8000,10,0,429),(10408,54,5.9000,6,0,430),(10408,62,39.4000,35,0,431),(10409,14,18.6000,12,0,432),(10409,21,8.0000,12,0,433),(10410,33,2.0000,49,0,434),(10410,59,44.0000,16,0,435),(10411,41,7.7000,25,0,436),(10411,44,15.5000,40,0,437),(10411,59,44.0000,9,0,438),(10412,14,18.6000,20,0,439),(10413,1,14.4000,24,0,440),(10413,62,39.4000,40,0,441),(10413,76,14.4000,14,0,442),(10414,19,7.3000,18,0,443),(10414,33,2.0000,50,0,444),(10415,17,31.2000,2,0,445),(10415,33,2.0000,20,0,446),(10416,19,7.3000,20,0,447),(10416,53,26.2000,10,0,448),(10416,57,15.6000,20,0,449),(10417,38,210.8000,50,0,450),(10417,46,9.6000,2,0,451),(10417,68,10.0000,36,0,452),(10417,77,10.4000,35,0,453),(10418,2,15.2000,60,0,454),(10418,47,7.6000,55,0,455),(10418,61,22.8000,16,0,456),(10418,74,8.0000,15,0,457),(10419,60,27.2000,60,0,458),(10419,69,28.8000,20,0,459),(10420,9,77.6000,20,0,460),(10420,13,4.8000,2,0,461),(10420,70,12.0000,8,0,462),(10420,73,12.0000,20,0,463),(10421,19,7.3000,4,0,464),(10421,26,24.9000,30,0,465),(10421,53,26.2000,15,0,466),(10421,77,10.4000,10,0,467),(10422,26,24.9000,2,0,468),(10423,31,10.0000,14,0,469),(10423,59,44.0000,20,0,470),(10424,35,14.4000,60,0,471),(10424,38,210.8000,49,0,472),(10424,68,10.0000,30,0,473),(10425,55,19.2000,10,0,474),(10425,76,14.4000,20,0,475),(10426,56,30.4000,5,0,476),(10426,64,26.6000,7,0,477),(10427,14,18.6000,35,0,478),(10428,46,9.6000,20,0,479),(10429,50,13.0000,40,0,480),(10429,63,35.1000,35,0,481),(10430,17,31.2000,45,0,482),(10430,21,8.0000,50,0,483),(10430,56,30.4000,30,0,484),(10430,59,44.0000,70,0,485),(10431,17,31.2000,50,0,486),(10431,40,14.7000,50,0,487),(10431,47,7.6000,30,0,488),(10432,26,24.9000,10,0,489),(10432,54,5.9000,40,0,490),(10433,56,30.4000,28,0,491),(10434,11,16.8000,6,0,492),(10434,76,14.4000,18,0,493),(10435,2,15.2000,10,0,494),(10435,22,16.8000,12,0,495),(10435,72,27.8000,10,0,496),(10436,46,9.6000,5,0,497),(10436,56,30.4000,40,0,498),(10436,64,26.6000,30,0,499),(10436,75,6.2000,24,0,500),(10437,53,26.2000,15,0,501),(10438,19,7.3000,15,0,502),(10438,34,11.2000,20,0,503),(10438,57,15.6000,15,0,504),(10439,12,30.4000,15,0,505),(10439,16,13.9000,16,0,506),(10439,64,26.6000,6,0,507),(10439,74,8.0000,30,0,508),(10440,2,15.2000,45,0,509),(10440,16,13.9000,49,0,510),(10440,29,99.0000,24,0,511),(10440,61,22.8000,90,0,512),(10441,27,35.1000,50,0,513),(10442,11,16.8000,30,0,514),(10442,54,5.9000,80,0,515),(10442,66,13.6000,60,0,516),(10443,11,16.8000,6,0,517),(10443,28,36.4000,12,0,518),(10444,17,31.2000,10,0,519),(10444,26,24.9000,15,0,520),(10444,35,14.4000,8,0,521),(10444,41,7.7000,30,0,522),(10445,39,14.4000,6,0,523),(10445,54,5.9000,15,0,524),(10446,19,7.3000,12,0,525),(10446,24,3.6000,20,0,526),(10446,31,10.0000,3,0,527),(10446,52,5.6000,15,0,528),(10447,19,7.3000,40,0,529),(10447,65,16.8000,35,0,530),(10447,71,17.2000,2,0,531),(10448,26,24.9000,6,0,532),(10448,40,14.7000,20,0,533),(10449,10,24.8000,14,0,534),(10449,52,5.6000,20,0,535),(10449,62,39.4000,35,0,536),(10450,10,24.8000,20,0,537),(10450,54,5.9000,6,0,538),(10451,55,19.2000,120,0,539),(10451,64,26.6000,35,0,540),(10451,65,16.8000,28,0,541),(10451,77,10.4000,55,0,542),(10452,28,36.4000,15,0,543),(10452,44,15.5000,100,0,544),(10453,48,10.2000,15,0,545),(10453,70,12.0000,25,0,546),(10454,16,13.9000,20,0,547),(10454,33,2.0000,20,0,548),(10454,46,9.6000,10,0,549),(10455,39,14.4000,20,0,550),(10455,53,26.2000,50,0,551),(10455,61,22.8000,25,0,552),(10455,71,17.2000,30,0,553),(10456,21,8.0000,40,0,554),(10456,49,16.0000,21,0,555),(10457,59,44.0000,36,0,556),(10458,26,24.9000,30,0,557),(10458,28,36.4000,30,0,558),(10458,43,36.8000,20,0,559),(10458,56,30.4000,15,0,560),(10458,71,17.2000,50,0,561),(10459,7,24.0000,16,0,562),(10459,46,9.6000,20,0,563),(10459,72,27.8000,40,0,564),(10460,68,10.0000,21,0,565),(10460,75,6.2000,4,0,566),(10461,21,8.0000,40,0,567),(10461,30,20.7000,28,0,568),(10461,55,19.2000,60,0,569),(10462,13,4.8000,1,0,570),(10462,23,7.2000,21,0,571),(10463,19,7.3000,21,0,572),(10463,42,11.2000,50,0,573),(10464,4,17.6000,16,0,574),(10464,43,36.8000,3,0,575),(10464,56,30.4000,30,0,576),(10464,60,27.2000,20,0,577),(10465,24,3.6000,25,0,578),(10465,29,99.0000,18,0,579),(10465,40,14.7000,20,0,580),(10465,45,7.6000,30,0,581),(10465,50,13.0000,25,0,582),(10466,11,16.8000,10,0,583),(10466,46,9.6000,5,0,584),(10467,24,3.6000,28,0,585),(10467,25,11.2000,12,0,586),(10468,30,20.7000,8,0,587),(10468,43,36.8000,15,0,588),(10469,2,15.2000,40,0,589),(10469,16,13.9000,35,0,590),(10469,44,15.5000,2,0,591),(10470,18,50.0000,30,0,592),(10470,23,7.2000,15,0,593),(10470,64,26.6000,8,0,594),(10471,7,24.0000,30,0,595),(10471,56,30.4000,20,0,596),(10472,24,3.6000,80,0,597),(10472,51,42.4000,18,0,598),(10473,33,2.0000,12,0,599),(10473,71,17.2000,12,0,600),(10474,14,18.6000,12,0,601),(10474,28,36.4000,18,0,602),(10474,40,14.7000,21,0,603),(10474,75,6.2000,10,0,604),(10475,31,10.0000,35,0,605),(10475,66,13.6000,60,0,606),(10475,76,14.4000,42,0,607),(10476,55,19.2000,2,0,608),(10476,70,12.0000,12,0,609),(10477,1,14.4000,15,0,610),(10477,21,8.0000,21,0,611),(10477,39,14.4000,20,0,612),(10478,10,24.8000,20,0,613),(10479,38,210.8000,30,0,614),(10479,53,26.2000,28,0,615),(10479,59,44.0000,60,0,616),(10479,64,26.6000,30,0,617),(10480,47,7.6000,30,0,618),(10480,59,44.0000,12,0,619),(10481,49,16.0000,24,0,620),(10481,60,27.2000,40,0,621),(10482,40,14.7000,10,0,622),(10483,34,11.2000,35,0,623),(10483,77,10.4000,30,0,624),(10484,21,8.0000,14,0,625),(10484,40,14.7000,10,0,626),(10484,51,42.4000,3,0,627),(10485,2,15.2000,20,0,628),(10485,3,8.0000,20,0,629),(10485,55,19.2000,30,0,630),(10485,70,12.0000,60,0,631),(10486,11,16.8000,5,0,632),(10486,51,42.4000,25,0,633),(10486,74,8.0000,16,0,634),(10487,19,7.3000,5,0,635),(10487,26,24.9000,30,0,636),(10487,54,5.9000,24,0,637),(10488,59,44.0000,30,0,638),(10488,73,12.0000,20,0,639),(10489,11,16.8000,15,0,640),(10489,16,13.9000,18,0,641),(10490,59,44.0000,60,0,642),(10490,68,10.0000,30,0,643),(10490,75,6.2000,36,0,644),(10491,44,15.5000,15,0,645),(10491,77,10.4000,7,0,646),(10492,25,11.2000,60,0,647),(10492,42,11.2000,20,0,648),(10493,65,16.8000,15,0,649),(10493,66,13.6000,10,0,650),(10493,69,28.8000,10,0,651),(10494,56,30.4000,30,0,652),(10495,23,7.2000,10,0,653),(10495,41,7.7000,20,0,654),(10495,77,10.4000,5,0,655),(10496,31,10.0000,20,0,656),(10497,56,30.4000,14,0,657),(10497,72,27.8000,25,0,658),(10497,77,10.4000,25,0,659),(10498,24,4.5000,14,0,660),(10498,40,18.4000,5,0,661),(10498,42,14.0000,30,0,662),(10499,28,45.6000,20,0,663),(10499,49,20.0000,25,0,664),(10500,15,15.5000,12,0,665),(10500,28,45.6000,8,0,666),(10501,54,7.4500,20,0,667),(10502,45,9.5000,21,0,668),(10502,53,32.8000,6,0,669),(10502,67,14.0000,30,0,670),(10503,14,23.2500,70,0,671),(10503,65,21.0500,20,0,672),(10504,2,19.0000,12,0,673),(10504,21,10.0000,12,0,674),(10504,53,32.8000,10,0,675),(10504,61,28.5000,25,0,676),(10505,62,49.3000,3,0,677),(10506,25,14.0000,18,0,678),(10506,70,15.0000,14,0,679),(10507,43,46.0000,15,0,680),(10507,48,12.7500,15,0,681),(10508,13,6.0000,10,0,682),(10508,39,18.0000,10,0,683),(10509,28,45.6000,3,0,684),(10510,29,123.7900,36,0,685),(10510,75,7.7500,36,0,686),(10511,4,22.0000,50,0,687),(10511,7,30.0000,50,0,688),(10511,8,40.0000,10,0,689),(10512,24,4.5000,10,0,690),(10512,46,12.0000,9,0,691),(10512,47,9.5000,6,0,692),(10512,60,34.0000,12,0,693),(10513,21,10.0000,40,0,694),(10513,32,32.0000,50,0,695),(10513,61,28.5000,15,0,696),(10514,20,81.0000,39,0,697),(10514,28,45.6000,35,0,698),(10514,56,38.0000,70,0,699),(10514,65,21.0500,39,0,700),(10514,75,7.7500,50,0,701),(10515,9,97.0000,16,0,702),(10515,16,17.4500,50,0,703),(10515,27,43.9000,120,0,704),(10515,33,2.5000,16,0,705),(10515,60,34.0000,84,0,706),(10516,18,62.5000,25,0,707),(10516,41,9.6500,80,0,708),(10516,42,14.0000,20,0,709),(10517,52,7.0000,6,0,710),(10517,59,55.0000,4,0,711),(10517,70,15.0000,6,0,712),(10518,24,4.5000,5,0,713),(10518,38,263.5000,15,0,714),(10518,44,19.4500,9,0,715),(10519,10,31.0000,16,0,716),(10519,56,38.0000,40,0,717),(10519,60,34.0000,10,0,718),(10520,24,4.5000,8,0,719),(10520,53,32.8000,5,0,720),(10521,35,18.0000,3,0,721),(10521,41,9.6500,10,0,722),(10521,68,12.5000,6,0,723),(10522,1,18.0000,40,0,724),(10522,8,40.0000,24,0,725),(10522,30,25.8900,20,0,726),(10522,40,18.4000,25,0,727),(10523,17,39.0000,25,0,728),(10523,20,81.0000,15,0,729),(10523,37,26.0000,18,0,730),(10523,41,9.6500,6,0,731),(10524,10,31.0000,2,0,732),(10524,30,25.8900,10,0,733),(10524,43,46.0000,60,0,734),(10524,54,7.4500,15,0,735),(10525,36,19.0000,30,0,736),(10525,40,18.4000,15,0,737),(10526,1,18.0000,8,0,738),(10526,13,6.0000,10,0,739),(10526,56,38.0000,30,0,740),(10527,4,22.0000,50,0,741),(10527,36,19.0000,30,0,742),(10528,11,21.0000,3,0,743),(10528,33,2.5000,8,0,744),(10528,72,34.8000,9,0,745),(10529,55,24.0000,14,0,746),(10529,68,12.5000,20,0,747),(10529,69,36.0000,10,0,748),(10530,17,39.0000,40,0,749),(10530,43,46.0000,25,0,750),(10530,61,28.5000,20,0,751),(10530,76,18.0000,50,0,752),(10531,59,55.0000,2,0,753),(10532,30,25.8900,15,0,754),(10532,66,17.0000,24,0,755),(10533,4,22.0000,50,0,756),(10533,72,34.8000,24,0,757),(10533,73,15.0000,24,0,758),(10534,30,25.8900,10,0,759),(10534,40,18.4000,10,0,760),(10534,54,7.4500,10,0,761),(10535,11,21.0000,50,0,762),(10535,40,18.4000,10,0,763),(10535,57,19.5000,5,0,764),(10535,59,55.0000,15,0,765),(10536,12,38.0000,15,0,766),(10536,31,12.5000,20,0,767),(10536,33,2.5000,30,0,768),(10536,60,34.0000,35,0,769),(10537,31,12.5000,30,0,770),(10537,51,53.0000,6,0,771),(10537,58,13.2500,20,0,772),(10537,72,34.8000,21,0,773),(10537,73,15.0000,9,0,774),(10538,70,15.0000,7,0,775),(10538,72,34.8000,1,0,776),(10539,13,6.0000,8,0,777),(10539,21,10.0000,15,0,778),(10539,33,2.5000,15,0,779),(10539,49,20.0000,6,0,780),(10540,3,10.0000,60,0,781),(10540,26,31.2300,40,0,782),(10540,38,263.5000,30,0,783),(10540,68,12.5000,35,0,784),(10541,24,4.5000,35,0,785),(10541,38,263.5000,4,0,786),(10541,65,21.0500,36,0,787),(10541,71,21.5000,9,0,788),(10542,11,21.0000,15,0,789),(10542,54,7.4500,24,0,790),(10543,12,38.0000,30,0,791),(10543,23,9.0000,70,0,792),(10544,28,45.6000,7,0,793),(10544,67,14.0000,7,0,794),(10545,11,21.0000,10,0,795),(10546,7,30.0000,10,0,796),(10546,35,18.0000,30,0,797),(10546,62,49.3000,40,0,798),(10547,32,32.0000,24,0,799),(10547,36,19.0000,60,0,800),(10548,34,14.0000,10,0,801),(10548,41,9.6500,14,0,802),(10549,31,12.5000,55,0,803),(10549,45,9.5000,100,0,804),(10549,51,53.0000,48,0,805),(10550,17,39.0000,8,0,806),(10550,19,9.2000,10,0,807),(10550,21,10.0000,6,0,808),(10550,61,28.5000,10,0,809),(10551,16,17.4500,40,0,810),(10551,35,18.0000,20,0,811),(10551,44,19.4500,40,0,812),(10552,69,36.0000,18,0,813),(10552,75,7.7500,30,0,814),(10553,11,21.0000,15,0,815),(10553,16,17.4500,14,0,816),(10553,22,21.0000,24,0,817),(10553,31,12.5000,30,0,818),(10553,35,18.0000,6,0,819),(10554,16,17.4500,30,0,820),(10554,23,9.0000,20,0,821),(10554,62,49.3000,20,0,822),(10554,77,13.0000,10,0,823),(10555,14,23.2500,30,0,824),(10555,19,9.2000,35,0,825),(10555,24,4.5000,18,0,826),(10555,51,53.0000,20,0,827),(10555,56,38.0000,40,0,828),(10556,72,34.8000,24,0,829),(10557,64,33.2500,30,0,830),(10557,75,7.7500,20,0,831),(10558,47,9.5000,25,0,832),(10558,51,53.0000,20,0,833),(10558,52,7.0000,30,0,834),(10558,53,32.8000,18,0,835),(10558,73,15.0000,3,0,836),(10559,41,9.6500,12,0,837),(10559,55,24.0000,18,0,838),(10560,30,25.8900,20,0,839),(10560,62,49.3000,15,0,840),(10561,44,19.4500,10,0,841),(10561,51,53.0000,50,0,842),(10562,33,2.5000,20,0,843),(10562,62,49.3000,10,0,844),(10563,36,19.0000,25,0,845),(10563,52,7.0000,70,0,846),(10564,17,39.0000,16,0,847),(10564,31,12.5000,6,0,848),(10564,55,24.0000,25,0,849),(10565,24,4.5000,25,0,850),(10565,64,33.2500,18,0,851),(10566,11,21.0000,35,0,852),(10566,18,62.5000,18,0,853),(10566,76,18.0000,10,0,854),(10567,31,12.5000,60,0,855),(10567,51,53.0000,3,0,856),(10567,59,55.0000,40,0,857),(10568,10,31.0000,5,0,858),(10569,31,12.5000,35,0,859),(10569,76,18.0000,30,0,860),(10570,11,21.0000,15,0,861),(10570,56,38.0000,60,0,862),(10571,14,23.2500,11,0,863),(10571,42,14.0000,28,0,864),(10572,16,17.4500,12,0,865),(10572,32,32.0000,10,0,866),(10572,40,18.4000,50,0,867),(10572,75,7.7500,15,0,868),(10573,17,39.0000,18,0,869),(10573,34,14.0000,40,0,870),(10573,53,32.8000,25,0,871),(10574,33,2.5000,14,0,872),(10574,40,18.4000,2,0,873),(10574,62,49.3000,10,0,874),(10574,64,33.2500,6,0,875),(10575,59,55.0000,12,0,876),(10575,63,43.9000,6,0,877),(10575,72,34.8000,30,0,878),(10575,76,18.0000,10,0,879),(10576,1,18.0000,10,0,880),(10576,31,12.5000,20,0,881),(10576,44,19.4500,21,0,882),(10577,39,18.0000,10,0,883),(10577,75,7.7500,20,0,884),(10577,77,13.0000,18,0,885),(10578,35,18.0000,20,0,886),(10578,57,19.5000,6,0,887),(10579,15,15.5000,10,0,888),(10579,75,7.7500,21,0,889),(10580,14,23.2500,15,0,890),(10580,41,9.6500,9,0,891),(10580,65,21.0500,30,0,892),(10581,75,7.7500,50,0,893),(10582,57,19.5000,4,0,894),(10582,76,18.0000,14,0,895),(10583,29,123.7900,10,0,896),(10583,60,34.0000,24,0,897),(10583,69,36.0000,10,0,898),(10584,31,12.5000,50,0,899),(10585,47,9.5000,15,0,900),(10586,52,7.0000,4,0,901),(10587,26,31.2300,6,0,902),(10587,35,18.0000,20,0,903),(10587,77,13.0000,20,0,904),(10588,18,62.5000,40,0,905),(10588,42,14.0000,100,0,906),(10589,35,18.0000,4,0,907),(10590,1,18.0000,20,0,908),(10590,77,13.0000,60,0,909),(10591,3,10.0000,14,0,910),(10591,7,30.0000,10,0,911),(10591,54,7.4500,50,0,912),(10592,15,15.5000,25,0,913),(10592,26,31.2300,5,0,914),(10593,20,81.0000,21,0,915),(10593,69,36.0000,20,0,916),(10593,76,18.0000,4,0,917),(10594,52,7.0000,24,0,918),(10594,58,13.2500,30,0,919),(10595,35,18.0000,30,0,920),(10595,61,28.5000,120,0,921),(10595,69,36.0000,65,0,922),(10596,56,38.0000,5,0,923),(10596,63,43.9000,24,0,924),(10596,75,7.7500,30,0,925),(10597,24,4.5000,35,0,926),(10597,57,19.5000,20,0,927),(10597,65,21.0500,12,0,928),(10598,27,43.9000,50,0,929),(10598,71,21.5000,9,0,930),(10599,62,49.3000,10,0,931),(10600,54,7.4500,4,0,932),(10600,73,15.0000,30,0,933),(10601,13,6.0000,60,0,934),(10601,59,55.0000,35,0,935),(10602,77,13.0000,5,0,936),(10603,22,21.0000,48,0,937),(10603,49,20.0000,25,0,938),(10604,48,12.7500,6,0,939),(10604,76,18.0000,10,0,940),(10605,16,17.4500,30,0,941),(10605,59,55.0000,20,0,942),(10605,60,34.0000,70,0,943),(10605,71,21.5000,15,0,944),(10606,4,22.0000,20,0,945),(10606,55,24.0000,20,0,946),(10606,62,49.3000,10,0,947),(10607,7,30.0000,45,0,948),(10607,17,39.0000,100,0,949),(10607,33,2.5000,14,0,950),(10607,40,18.4000,42,0,951),(10607,72,34.8000,12,0,952),(10608,56,38.0000,28,0,953),(10609,1,18.0000,3,0,954),(10609,10,31.0000,10,0,955),(10609,21,10.0000,6,0,956),(10610,36,19.0000,21,0,957),(10611,1,18.0000,6,0,958),(10611,2,19.0000,10,0,959),(10611,60,34.0000,15,0,960),(10612,10,31.0000,70,0,961),(10612,36,19.0000,55,0,962),(10612,49,20.0000,18,0,963),(10612,60,34.0000,40,0,964),(10612,76,18.0000,80,0,965),(10613,13,6.0000,8,0,966),(10613,75,7.7500,40,0,967),(10614,11,21.0000,14,0,968),(10614,21,10.0000,8,0,969),(10614,39,18.0000,5,0,970),(10615,55,24.0000,5,0,971),(10616,38,263.5000,15,0,972),(10616,56,38.0000,14,0,973),(10616,70,15.0000,15,0,974),(10616,71,21.5000,15,0,975),(10617,59,55.0000,30,0,976),(10618,6,25.0000,70,0,977),(10618,56,38.0000,20,0,978),(10618,68,12.5000,15,0,979),(10619,21,10.0000,42,0,980),(10619,22,21.0000,40,0,981),(10620,24,4.5000,5,0,982),(10620,52,7.0000,5,0,983),(10621,19,9.2000,5,0,984),(10621,23,9.0000,10,0,985),(10621,70,15.0000,20,0,986),(10621,71,21.5000,15,0,987),(10622,2,19.0000,20,0,988),(10622,68,12.5000,18,0,989),(10623,14,23.2500,21,0,990),(10623,19,9.2000,15,0,991),(10623,21,10.0000,25,0,992),(10623,24,4.5000,3,0,993),(10623,35,18.0000,30,0,994),(10624,28,45.6000,10,0,995),(10624,29,123.7900,6,0,996),(10624,44,19.4500,10,0,997),(10625,14,23.2500,3,0,998),(10625,42,14.0000,5,0,999),(10625,60,34.0000,10,0,1000),(10626,53,32.8000,12,0,1001),(10626,60,34.0000,20,0,1002),(10626,71,21.5000,20,0,1003),(10627,62,49.3000,15,0,1004),(10627,73,15.0000,35,0,1005),(10628,1,18.0000,25,0,1006),(10629,29,123.7900,20,0,1007),(10629,64,33.2500,9,0,1008),(10630,55,24.0000,12,0,1009),(10630,76,18.0000,35,0,1010),(10631,75,7.7500,8,0,1011),(10632,2,19.0000,30,0,1012),(10632,33,2.5000,20,0,1013),(10633,12,38.0000,36,0,1014),(10633,13,6.0000,13,0,1015),(10633,26,31.2300,35,0,1016),(10633,62,49.3000,80,0,1017),(10634,7,30.0000,35,0,1018),(10634,18,62.5000,50,0,1019),(10634,51,53.0000,15,0,1020),(10634,75,7.7500,2,0,1021),(10635,4,22.0000,10,0,1022),(10635,5,21.3500,15,0,1023),(10635,22,21.0000,40,0,1024),(10636,4,22.0000,25,0,1025),(10636,58,13.2500,6,0,1026),(10637,11,21.0000,10,0,1027),(10637,50,16.2500,25,0,1028),(10637,56,38.0000,60,0,1029),(10638,45,9.5000,20,0,1030),(10638,65,21.0500,21,0,1031),(10638,72,34.8000,60,0,1032),(10639,18,62.5000,8,0,1033),(10640,69,36.0000,20,0,1034),(10640,70,15.0000,15,0,1035),(10641,2,19.0000,50,0,1036),(10641,40,18.4000,60,0,1037),(10642,21,10.0000,30,0,1038),(10642,61,28.5000,20,0,1039),(10643,28,45.6000,15,0,1040),(10643,39,18.0000,21,0,1041),(10643,46,12.0000,2,0,1042),(10644,18,62.5000,4,0,1043),(10644,43,46.0000,20,0,1044),(10644,46,12.0000,21,0,1045),(10645,18,62.5000,20,0,1046),(10645,36,19.0000,15,0,1047),(10646,1,18.0000,15,0,1048),(10646,10,31.0000,18,0,1049),(10646,71,21.5000,30,0,1050),(10646,77,13.0000,35,0,1051),(10647,19,9.2000,30,0,1052),(10647,39,18.0000,20,0,1053),(10648,22,21.0000,15,0,1054),(10648,24,4.5000,15,0,1055),(10649,28,45.6000,20,0,1056),(10649,72,34.8000,15,0,1057),(10650,30,25.8900,30,0,1058),(10650,53,32.8000,25,0,1059),(10650,54,7.4500,30,0,1060),(10651,19,9.2000,12,0,1061),(10651,22,21.0000,20,0,1062),(10652,30,25.8900,2,0,1063),(10652,42,14.0000,20,0,1064),(10653,16,17.4500,30,0,1065),(10653,60,34.0000,20,0,1066),(10654,4,22.0000,12,0,1067),(10654,39,18.0000,20,0,1068),(10654,54,7.4500,6,0,1069),(10655,41,9.6500,20,0,1070),(10656,14,23.2500,3,0,1071),(10656,44,19.4500,28,0,1072),(10656,47,9.5000,6,0,1073),(10657,15,15.5000,50,0,1074),(10657,41,9.6500,24,0,1075),(10657,46,12.0000,45,0,1076),(10657,47,9.5000,10,0,1077),(10657,56,38.0000,45,0,1078),(10657,60,34.0000,30,0,1079),(10658,21,10.0000,60,0,1080),(10658,40,18.4000,70,0,1081),(10658,60,34.0000,55,0,1082),(10658,77,13.0000,70,0,1083),(10659,31,12.5000,20,0,1084),(10659,40,18.4000,24,0,1085),(10659,70,15.0000,40,0,1086),(10660,20,81.0000,21,0,1087),(10661,39,18.0000,3,0,1088),(10661,58,13.2500,49,0,1089),(10662,68,12.5000,10,0,1090),(10663,40,18.4000,30,0,1091),(10663,42,14.0000,30,0,1092),(10663,51,53.0000,20,0,1093),(10664,10,31.0000,24,0,1094),(10664,56,38.0000,12,0,1095),(10664,65,21.0500,15,0,1096),(10665,51,53.0000,20,0,1097),(10665,59,55.0000,1,0,1098),(10665,76,18.0000,10,0,1099),(10666,29,123.7900,36,0,1100),(10666,65,21.0500,10,0,1101),(10667,69,36.0000,45,0,1102),(10667,71,21.5000,14,0,1103),(10668,31,12.5000,8,0,1104),(10668,55,24.0000,4,0,1105),(10668,64,33.2500,15,0,1106),(10669,36,19.0000,30,0,1107),(10670,23,9.0000,32,0,1108),(10670,46,12.0000,60,0,1109),(10670,67,14.0000,25,0,1110),(10670,73,15.0000,50,0,1111),(10670,75,7.7500,25,0,1112),(10671,16,17.4500,10,0,1113),(10671,62,49.3000,10,0,1114),(10671,65,21.0500,12,0,1115),(10672,38,263.5000,15,0,1116),(10672,71,21.5000,12,0,1117),(10673,16,17.4500,3,0,1118),(10673,42,14.0000,6,0,1119),(10673,43,46.0000,6,0,1120),(10674,23,9.0000,5,0,1121),(10675,14,23.2500,30,0,1122),(10675,53,32.8000,10,0,1123),(10675,58,13.2500,30,0,1124),(10676,10,31.0000,2,0,1125),(10676,19,9.2000,7,0,1126),(10676,44,19.4500,21,0,1127),(10677,26,31.2300,30,0,1128),(10677,33,2.5000,8,0,1129),(10678,12,38.0000,100,0,1130),(10678,33,2.5000,30,0,1131),(10678,41,9.6500,120,0,1132),(10678,54,7.4500,30,0,1133),(10679,59,55.0000,12,0,1134),(10680,16,17.4500,50,0,1135),(10680,31,12.5000,20,0,1136),(10680,42,14.0000,40,0,1137),(10681,19,9.2000,30,0,1138),(10681,21,10.0000,12,0,1139),(10681,64,33.2500,28,0,1140),(10682,33,2.5000,30,0,1141),(10682,66,17.0000,4,0,1142),(10682,75,7.7500,30,0,1143),(10683,52,7.0000,9,0,1144),(10684,40,18.4000,20,0,1145),(10684,47,9.5000,40,0,1146),(10684,60,34.0000,30,0,1147),(10685,10,31.0000,20,0,1148),(10685,41,9.6500,4,0,1149),(10685,47,9.5000,15,0,1150),(10686,17,39.0000,30,0,1151),(10686,26,31.2300,15,0,1152),(10687,9,97.0000,50,0,1153),(10687,29,123.7900,10,0,1154),(10687,36,19.0000,6,0,1155),(10688,10,31.0000,18,0,1156),(10688,28,45.6000,60,0,1157),(10688,34,14.0000,14,0,1158),(10689,1,18.0000,35,0,1159),(10690,56,38.0000,20,0,1160),(10690,77,13.0000,30,0,1161),(10691,1,18.0000,30,0,1162),(10691,29,123.7900,40,0,1163),(10691,43,46.0000,40,0,1164),(10691,44,19.4500,24,0,1165),(10691,62,49.3000,48,0,1166),(10692,63,43.9000,20,0,1167),(10693,9,97.0000,6,0,1168),(10693,54,7.4500,60,0,1169),(10693,69,36.0000,30,0,1170),(10693,73,15.0000,15,0,1171),(10694,7,30.0000,90,0,1172),(10694,59,55.0000,25,0,1173),(10694,70,15.0000,50,0,1174),(10695,8,40.0000,10,0,1175),(10695,12,38.0000,4,0,1176),(10695,24,4.5000,20,0,1177),(10696,17,39.0000,20,0,1178),(10696,46,12.0000,18,0,1179),(10697,19,9.2000,7,0,1180),(10697,35,18.0000,9,0,1181),(10697,58,13.2500,30,0,1182),(10697,70,15.0000,30,0,1183),(10698,11,21.0000,15,0,1184),(10698,17,39.0000,8,0,1185),(10698,29,123.7900,12,0,1186),(10698,65,21.0500,65,0,1187),(10698,70,15.0000,8,0,1188),(10699,47,9.5000,12,0,1189),(10700,1,18.0000,5,0,1190),(10700,34,14.0000,12,0,1191),(10700,68,12.5000,40,0,1192),(10700,71,21.5000,60,0,1193),(10701,59,55.0000,42,0,1194),(10701,71,21.5000,20,0,1195),(10701,76,18.0000,35,0,1196),(10702,3,10.0000,6,0,1197),(10702,76,18.0000,15,0,1198),(10703,2,19.0000,5,0,1199),(10703,59,55.0000,35,0,1200),(10703,73,15.0000,35,0,1201),(10704,4,22.0000,6,0,1202),(10704,24,4.5000,35,0,1203),(10704,48,12.7500,24,0,1204),(10705,31,12.5000,20,0,1205),(10705,32,32.0000,4,0,1206),(10706,16,17.4500,20,0,1207),(10706,43,46.0000,24,0,1208),(10706,59,55.0000,8,0,1209),(10707,55,24.0000,21,0,1210),(10707,57,19.5000,40,0,1211),(10707,70,15.0000,28,0,1212),(10708,5,21.3500,4,0,1213),(10708,36,19.0000,5,0,1214),(10709,8,40.0000,40,0,1215),(10709,51,53.0000,28,0,1216),(10709,60,34.0000,10,0,1217),(10710,19,9.2000,5,0,1218),(10710,47,9.5000,5,0,1219),(10711,19,9.2000,12,0,1220),(10711,41,9.6500,42,0,1221),(10711,53,32.8000,120,0,1222),(10712,53,32.8000,3,0,1223),(10712,56,38.0000,30,0,1224),(10713,10,31.0000,18,0,1225),(10713,26,31.2300,30,0,1226),(10713,45,9.5000,110,0,1227),(10713,46,12.0000,24,0,1228),(10714,2,19.0000,30,0,1229),(10714,17,39.0000,27,0,1230),(10714,47,9.5000,50,0,1231),(10714,56,38.0000,18,0,1232),(10714,58,13.2500,12,0,1233),(10715,10,31.0000,21,0,1234),(10715,71,21.5000,30,0,1235),(10716,21,10.0000,5,0,1236),(10716,51,53.0000,7,0,1237),(10716,61,28.5000,10,0,1238),(10717,21,10.0000,32,0,1239),(10717,54,7.4500,15,0,1240),(10717,69,36.0000,25,0,1241),(10718,12,38.0000,36,0,1242),(10718,16,17.4500,20,0,1243),(10718,36,19.0000,40,0,1244),(10718,62,49.3000,20,0,1245),(10719,18,62.5000,12,0,1246),(10719,30,25.8900,3,0,1247),(10719,54,7.4500,40,0,1248),(10720,35,18.0000,21,0,1249),(10720,71,21.5000,8,0,1250),(10721,44,19.4500,50,0,1251),(10722,2,19.0000,3,0,1252),(10722,31,12.5000,50,0,1253),(10722,68,12.5000,45,0,1254),(10722,75,7.7500,42,0,1255),(10723,26,31.2300,15,0,1256),(10724,10,31.0000,16,0,1257),(10724,61,28.5000,5,0,1258),(10725,41,9.6500,12,0,1259),(10725,52,7.0000,4,0,1260),(10725,55,24.0000,6,0,1261),(10726,4,22.0000,25,0,1262),(10726,11,21.0000,5,0,1263),(10727,17,39.0000,20,0,1264),(10727,56,38.0000,10,0,1265),(10727,59,55.0000,10,0,1266),(10728,30,25.8900,15,0,1267),(10728,40,18.4000,6,0,1268),(10728,55,24.0000,12,0,1269),(10728,60,34.0000,15,0,1270),(10729,1,18.0000,50,0,1271),(10729,21,10.0000,30,0,1272),(10729,50,16.2500,40,0,1273),(10730,16,17.4500,15,0,1274),(10730,31,12.5000,3,0,1275),(10730,65,21.0500,10,0,1276),(10731,21,10.0000,40,0,1277),(10731,51,53.0000,30,0,1278),(10732,76,18.0000,20,0,1279),(10733,14,23.2500,16,0,1280),(10733,28,45.6000,20,0,1281),(10733,52,7.0000,25,0,1282),(10734,6,25.0000,30,0,1283),(10734,30,25.8900,15,0,1284),(10734,76,18.0000,20,0,1285),(10735,61,28.5000,20,0,1286),(10735,77,13.0000,2,0,1287),(10736,65,21.0500,40,0,1288),(10736,75,7.7500,20,0,1289),(10737,13,6.0000,4,0,1290),(10737,41,9.6500,12,0,1291),(10738,16,17.4500,3,0,1292),(10739,36,19.0000,6,0,1293),(10739,52,7.0000,18,0,1294),(10740,28,45.6000,5,0,1295),(10740,35,18.0000,35,0,1296),(10740,45,9.5000,40,0,1297),(10740,56,38.0000,14,0,1298),(10741,2,19.0000,15,0,1299),(10742,3,10.0000,20,0,1300),(10742,60,34.0000,50,0,1301),(10742,72,34.8000,35,0,1302),(10743,46,12.0000,28,0,1303),(10744,40,18.4000,50,0,1304),(10745,18,62.5000,24,0,1305),(10745,44,19.4500,16,0,1306),(10745,59,55.0000,45,0,1307),(10745,72,34.8000,7,0,1308),(10746,13,6.0000,6,0,1309),(10746,42,14.0000,28,0,1310),(10746,62,49.3000,9,0,1311),(10746,69,36.0000,40,0,1312),(10747,31,12.5000,8,0,1313),(10747,41,9.6500,35,0,1314),(10747,63,43.9000,9,0,1315),(10747,69,36.0000,30,0,1316),(10748,23,9.0000,44,0,1317),(10748,40,18.4000,40,0,1318),(10748,56,38.0000,28,0,1319),(10749,56,38.0000,15,0,1320),(10749,59,55.0000,6,0,1321),(10749,76,18.0000,10,0,1322),(10750,14,23.2500,5,0,1323),(10750,45,9.5000,40,0,1324),(10750,59,55.0000,25,0,1325),(10751,26,31.2300,12,0,1326),(10751,30,25.8900,30,0,1327),(10751,50,16.2500,20,0,1328),(10751,73,15.0000,15,0,1329),(10752,1,18.0000,8,0,1330),(10752,69,36.0000,3,0,1331),(10753,45,9.5000,4,0,1332),(10753,74,10.0000,5,0,1333),(10754,40,18.4000,3,0,1334),(10755,47,9.5000,30,0,1335),(10755,56,38.0000,30,0,1336),(10755,57,19.5000,14,0,1337),(10755,69,36.0000,25,0,1338),(10756,18,62.5000,21,0,1339),(10756,36,19.0000,20,0,1340),(10756,68,12.5000,6,0,1341),(10756,69,36.0000,20,0,1342),(10757,34,14.0000,30,0,1343),(10757,59,55.0000,7,0,1344),(10757,62,49.3000,30,0,1345),(10757,64,33.2500,24,0,1346),(10758,26,31.2300,20,0,1347),(10758,52,7.0000,60,0,1348),(10758,70,15.0000,40,0,1349),(10759,32,32.0000,10,0,1350),(10760,25,14.0000,12,0,1351),(10760,27,43.9000,40,0,1352),(10760,43,46.0000,30,0,1353),(10761,25,14.0000,35,0,1354),(10761,75,7.7500,18,0,1355),(10762,39,18.0000,16,0,1356),(10762,47,9.5000,30,0,1357),(10762,51,53.0000,28,0,1358),(10762,56,38.0000,60,0,1359),(10763,21,10.0000,40,0,1360),(10763,22,21.0000,6,0,1361),(10763,24,4.5000,20,0,1362),(10764,3,10.0000,20,0,1363),(10764,39,18.0000,130,0,1364),(10765,65,21.0500,80,0,1365),(10766,2,19.0000,40,0,1366),(10766,7,30.0000,35,0,1367),(10766,68,12.5000,40,0,1368),(10767,42,14.0000,2,0,1369),(10768,22,21.0000,4,0,1370),(10768,31,12.5000,50,0,1371),(10768,60,34.0000,15,0,1372),(10768,71,21.5000,12,0,1373),(10769,41,9.6500,30,0,1374),(10769,52,7.0000,15,0,1375),(10769,61,28.5000,20,0,1376),(10769,62,49.3000,15,0,1377),(10770,11,21.0000,15,0,1378),(10771,71,21.5000,16,0,1379),(10772,29,123.7900,18,0,1380),(10772,59,55.0000,25,0,1381),(10773,17,39.0000,33,0,1382),(10773,31,12.5000,70,0,1383),(10773,75,7.7500,7,0,1384),(10774,31,12.5000,2,0,1385),(10774,66,17.0000,50,0,1386),(10775,10,31.0000,6,0,1387),(10775,67,14.0000,3,0,1388),(10776,31,12.5000,16,0,1389),(10776,42,14.0000,12,0,1390),(10776,45,9.5000,27,0,1391),(10776,51,53.0000,120,0,1392),(10777,42,14.0000,20,0,1393),(10778,41,9.6500,10,0,1394),(10779,16,17.4500,20,0,1395),(10779,62,49.3000,20,0,1396),(10780,70,15.0000,35,0,1397),(10780,77,13.0000,15,0,1398),(10781,54,7.4500,3,0,1399),(10781,56,38.0000,20,0,1400),(10781,74,10.0000,35,0,1401),(10782,31,12.5000,1,0,1402),(10783,31,12.5000,10,0,1403),(10783,38,263.5000,5,0,1404),(10784,36,19.0000,30,0,1405),(10784,39,18.0000,2,0,1406),(10784,72,34.8000,30,0,1407),(10785,10,31.0000,10,0,1408),(10785,75,7.7500,10,0,1409),(10786,8,40.0000,30,0,1410),(10786,30,25.8900,15,0,1411),(10786,75,7.7500,42,0,1412),(10787,2,19.0000,15,0,1413),(10787,29,123.7900,20,0,1414),(10788,19,9.2000,50,0,1415),(10788,75,7.7500,40,0,1416),(10789,18,62.5000,30,0,1417),(10789,35,18.0000,15,0,1418),(10789,63,43.9000,30,0,1419),(10789,68,12.5000,18,0,1420),(10790,7,30.0000,3,0,1421),(10790,56,38.0000,20,0,1422),(10791,29,123.7900,14,0,1423),(10791,41,9.6500,20,0,1424),(10792,2,19.0000,10,0,1425),(10792,54,7.4500,3,0,1426),(10792,68,12.5000,15,0,1427),(10793,41,9.6500,14,0,1428),(10793,52,7.0000,8,0,1429),(10794,14,23.2500,15,0,1430),(10794,54,7.4500,6,0,1431),(10795,16,17.4500,65,0,1432),(10795,17,39.0000,35,0,1433),(10796,26,31.2300,21,0,1434),(10796,44,19.4500,10,0,1435),(10796,64,33.2500,35,0,1436),(10796,69,36.0000,24,0,1437),(10797,11,21.0000,20,0,1438),(10798,62,49.3000,2,0,1439),(10798,72,34.8000,10,0,1440),(10799,13,6.0000,20,0,1441),(10799,24,4.5000,20,0,1442),(10799,59,55.0000,25,0,1443),(10800,11,21.0000,50,0,1444),(10800,51,53.0000,10,0,1445),(10800,54,7.4500,7,0,1446),(10801,17,39.0000,40,0,1447),(10801,29,123.7900,20,0,1448),(10802,30,25.8900,25,0,1449),(10802,51,53.0000,30,0,1450),(10802,55,24.0000,60,0,1451),(10802,62,49.3000,5,0,1452),(10803,19,9.2000,24,0,1453),(10803,25,14.0000,15,0,1454),(10803,59,55.0000,15,0,1455),(10804,10,31.0000,36,0,1456),(10804,28,45.6000,24,0,1457),(10804,49,20.0000,4,0,1458),(10805,34,14.0000,10,0,1459),(10805,38,263.5000,10,0,1460),(10806,2,19.0000,20,0,1461),(10806,65,21.0500,2,0,1462),(10806,74,10.0000,15,0,1463),(10807,40,18.4000,1,0,1464),(10808,56,38.0000,20,0,1465),(10808,76,18.0000,50,0,1466),(10809,52,7.0000,20,0,1467),(10810,13,6.0000,7,0,1468),(10810,25,14.0000,5,0,1469),(10810,70,15.0000,5,0,1470),(10811,19,9.2000,15,0,1471),(10811,23,9.0000,18,0,1472),(10811,40,18.4000,30,0,1473),(10812,31,12.5000,16,0,1474),(10812,72,34.8000,40,0,1475),(10812,77,13.0000,20,0,1476),(10813,2,19.0000,12,0,1477),(10813,46,12.0000,35,0,1478),(10814,41,9.6500,20,0,1479),(10814,43,46.0000,20,0,1480),(10814,48,12.7500,8,0,1481),(10814,61,28.5000,30,0,1482),(10815,33,2.5000,16,0,1483),(10816,38,263.5000,30,0,1484),(10816,62,49.3000,20,0,1485),(10817,26,31.2300,40,0,1486),(10817,38,263.5000,30,0,1487),(10817,40,18.4000,60,0,1488),(10817,62,49.3000,25,0,1489),(10818,32,32.0000,20,0,1490),(10818,41,9.6500,20,0,1491),(10819,43,46.0000,7,0,1492),(10819,75,7.7500,20,0,1493),(10820,56,38.0000,30,0,1494),(10821,35,18.0000,20,0,1495),(10821,51,53.0000,6,0,1496),(10822,62,49.3000,3,0,1497),(10822,70,15.0000,6,0,1498),(10823,11,21.0000,20,0,1499),(10823,57,19.5000,15,0,1500),(10823,59,55.0000,40,0,1501),(10823,77,13.0000,15,0,1502),(10824,41,9.6500,12,0,1503),(10824,70,15.0000,9,0,1504),(10825,26,31.2300,12,0,1505),(10825,53,32.8000,20,0,1506),(10826,31,12.5000,35,0,1507),(10826,57,19.5000,15,0,1508),(10827,10,31.0000,15,0,1509),(10827,39,18.0000,21,0,1510),(10828,20,81.0000,5,0,1511),(10828,38,263.5000,2,0,1512),(10829,2,19.0000,10,0,1513),(10829,8,40.0000,20,0,1514),(10829,13,6.0000,10,0,1515),(10829,60,34.0000,21,0,1516),(10830,6,25.0000,6,0,1517),(10830,39,18.0000,28,0,1518),(10830,60,34.0000,30,0,1519),(10830,68,12.5000,24,0,1520),(10831,19,9.2000,2,0,1521),(10831,35,18.0000,8,0,1522),(10831,38,263.5000,8,0,1523),(10831,43,46.0000,9,0,1524),(10832,13,6.0000,3,0,1525),(10832,25,14.0000,10,0,1526),(10832,44,19.4500,16,0,1527),(10832,64,33.2500,3,0,1528),(10833,7,30.0000,20,0,1529),(10833,31,12.5000,9,0,1530),(10833,53,32.8000,9,0,1531),(10834,29,123.7900,8,0,1532),(10834,30,25.8900,20,0,1533),(10835,59,55.0000,15,0,1534),(10835,77,13.0000,2,0,1535),(10836,22,21.0000,52,0,1536),(10836,35,18.0000,6,0,1537),(10836,57,19.5000,24,0,1538),(10836,60,34.0000,60,0,1539),(10836,64,33.2500,30,0,1540),(10837,13,6.0000,6,0,1541),(10837,40,18.4000,25,0,1542),(10837,47,9.5000,40,0,1543),(10837,76,18.0000,21,0,1544),(10838,1,18.0000,4,0,1545),(10838,18,62.5000,25,0,1546),(10838,36,19.0000,50,0,1547),(10839,58,13.2500,30,0,1548),(10839,72,34.8000,15,0,1549),(10840,25,14.0000,6,0,1550),(10840,39,18.0000,10,0,1551),(10841,10,31.0000,16,0,1552),(10841,56,38.0000,30,0,1553),(10841,59,55.0000,50,0,1554),(10841,77,13.0000,15,0,1555),(10842,11,21.0000,15,0,1556),(10842,43,46.0000,5,0,1557),(10842,68,12.5000,20,0,1558),(10842,70,15.0000,12,0,1559),(10843,51,53.0000,4,0,1560),(10844,22,21.0000,35,0,1561),(10845,23,9.0000,70,0,1562),(10845,35,18.0000,25,0,1563),(10845,42,14.0000,42,0,1564),(10845,58,13.2500,60,0,1565),(10845,64,33.2500,48,0,1566),(10846,4,22.0000,21,0,1567),(10846,70,15.0000,30,0,1568),(10846,74,10.0000,20,0,1569),(10847,1,18.0000,80,0,1570),(10847,19,9.2000,12,0,1571),(10847,37,26.0000,60,0,1572),(10847,45,9.5000,36,0,1573),(10847,60,34.0000,45,0,1574),(10847,71,21.5000,55,0,1575),(10848,5,21.3500,30,0,1576),(10848,9,97.0000,3,0,1577),(10849,3,10.0000,49,0,1578),(10849,26,31.2300,18,0,1579),(10850,25,14.0000,20,0,1580),(10850,33,2.5000,4,0,1581),(10850,70,15.0000,30,0,1582),(10851,2,19.0000,5,0,1583),(10851,25,14.0000,10,0,1584),(10851,57,19.5000,10,0,1585),(10851,59,55.0000,42,0,1586),(10852,2,19.0000,15,0,1587),(10852,17,39.0000,6,0,1588),(10852,62,49.3000,50,0,1589),(10853,18,62.5000,10,0,1590),(10854,10,31.0000,100,0,1591),(10854,13,6.0000,65,0,1592),(10855,16,17.4500,50,0,1593),(10855,31,12.5000,14,0,1594),(10855,56,38.0000,24,0,1595),(10855,65,21.0500,15,0,1596),(10856,2,19.0000,20,0,1597),(10856,42,14.0000,20,0,1598),(10857,3,10.0000,30,0,1599),(10857,26,31.2300,35,0,1600),(10857,29,123.7900,10,0,1601),(10858,7,30.0000,5,0,1602),(10858,27,43.9000,10,0,1603),(10858,70,15.0000,4,0,1604),(10859,24,4.5000,40,0,1605),(10859,54,7.4500,35,0,1606),(10859,64,33.2500,30,0,1607),(10860,51,53.0000,3,0,1608),(10860,76,18.0000,20,0,1609),(10861,17,39.0000,42,0,1610),(10861,18,62.5000,20,0,1611),(10861,21,10.0000,40,0,1612),(10861,33,2.5000,35,0,1613),(10861,62,49.3000,3,0,1614),(10862,11,21.0000,25,0,1615),(10862,52,7.0000,8,0,1616),(10863,1,18.0000,20,0,1617),(10863,58,13.2500,12,0,1618),(10864,35,18.0000,4,0,1619),(10864,67,14.0000,15,0,1620),(10865,38,263.5000,60,0,1621),(10865,39,18.0000,80,0,1622),(10866,2,19.0000,21,0,1623),(10866,24,4.5000,6,0,1624),(10866,30,25.8900,40,0,1625),(10867,53,32.8000,3,0,1626),(10868,26,31.2300,20,0,1627),(10868,35,18.0000,30,0,1628),(10868,49,20.0000,42,0,1629),(10869,1,18.0000,40,0,1630),(10869,11,21.0000,10,0,1631),(10869,23,9.0000,50,0,1632),(10869,68,12.5000,20,0,1633),(10870,35,18.0000,3,0,1634),(10870,51,53.0000,2,0,1635),(10871,6,25.0000,50,0,1636),(10871,16,17.4500,12,0,1637),(10871,17,39.0000,16,0,1638),(10872,55,24.0000,10,0,1639),(10872,62,49.3000,20,0,1640),(10872,64,33.2500,15,0,1641),(10872,65,21.0500,21,0,1642),(10873,21,10.0000,20,0,1643),(10873,28,45.6000,3,0,1644),(10874,10,31.0000,10,0,1645),(10875,19,9.2000,25,0,1646),(10875,47,9.5000,21,0,1647),(10875,49,20.0000,15,0,1648),(10876,46,12.0000,21,0,1649),(10876,64,33.2500,20,0,1650),(10877,16,17.4500,30,0,1651),(10877,18,62.5000,25,0,1652),(10878,20,81.0000,20,0,1653),(10879,40,18.4000,12,0,1654),(10879,65,21.0500,10,0,1655),(10879,76,18.0000,10,0,1656),(10880,23,9.0000,30,0,1657),(10880,61,28.5000,30,0,1658),(10880,70,15.0000,50,0,1659),(10881,73,15.0000,10,0,1660),(10882,42,14.0000,25,0,1661),(10882,49,20.0000,20,0,1662),(10882,54,7.4500,32,0,1663),(10883,24,4.5000,8,0,1664),(10884,21,10.0000,40,0,1665),(10884,56,38.0000,21,0,1666),(10884,65,21.0500,12,0,1667),(10885,2,19.0000,20,0,1668),(10885,24,4.5000,12,0,1669),(10885,70,15.0000,30,0,1670),(10885,77,13.0000,25,0,1671),(10886,10,31.0000,70,0,1672),(10886,31,12.5000,35,0,1673),(10886,77,13.0000,40,0,1674),(10887,25,14.0000,5,0,1675),(10888,2,19.0000,20,0,1676),(10888,68,12.5000,18,0,1677),(10889,11,21.0000,40,0,1678),(10889,38,263.5000,40,0,1679),(10890,17,39.0000,15,0,1680),(10890,34,14.0000,10,0,1681),(10890,41,9.6500,14,0,1682),(10891,30,25.8900,15,0,1683),(10892,59,55.0000,40,0,1684),(10893,8,40.0000,30,0,1685),(10893,24,4.5000,10,0,1686),(10893,29,123.7900,24,0,1687),(10893,30,25.8900,35,0,1688),(10893,36,19.0000,20,0,1689),(10894,13,6.0000,28,0,1690),(10894,69,36.0000,50,0,1691),(10894,75,7.7500,120,0,1692),(10895,24,4.5000,110,0,1693),(10895,39,18.0000,45,0,1694),(10895,40,18.4000,91,0,1695),(10895,60,34.0000,100,0,1696),(10896,45,9.5000,15,0,1697),(10896,56,38.0000,16,0,1698),(10897,29,123.7900,80,0,1699),(10897,30,25.8900,36,0,1700),(10898,13,6.0000,5,0,1701),(10899,39,18.0000,8,0,1702),(10900,70,15.0000,3,0,1703),(10901,41,9.6500,30,0,1704),(10901,71,21.5000,30,0,1705),(10902,55,24.0000,30,0,1706),(10902,62,49.3000,6,0,1707),(10903,13,6.0000,40,0,1708),(10903,65,21.0500,21,0,1709),(10903,68,12.5000,20,0,1710),(10904,58,13.2500,15,0,1711),(10904,62,49.3000,35,0,1712),(10905,1,18.0000,20,0,1713),(10906,61,28.5000,15,0,1714),(10907,75,7.7500,14,0,1715),(10908,7,30.0000,20,0,1716),(10908,52,7.0000,14,0,1717),(10909,7,30.0000,12,0,1718),(10909,16,17.4500,15,0,1719),(10909,41,9.6500,5,0,1720),(10910,19,9.2000,12,0,1721),(10910,49,20.0000,10,0,1722),(10910,61,28.5000,5,0,1723),(10911,1,18.0000,10,0,1724),(10911,17,39.0000,12,0,1725),(10911,67,14.0000,15,0,1726),(10912,11,21.0000,40,0,1727),(10912,29,123.7900,60,0,1728),(10913,4,22.0000,30,0,1729),(10913,33,2.5000,40,0,1730),(10913,58,13.2500,15,0,1731),(10914,71,21.5000,25,0,1732),(10915,17,39.0000,10,0,1733),(10915,33,2.5000,30,0,1734),(10915,54,7.4500,10,0,1735),(10916,16,17.4500,6,0,1736),(10916,32,32.0000,6,0,1737),(10916,57,19.5000,20,0,1738),(10917,30,25.8900,1,0,1739),(10917,60,34.0000,10,0,1740),(10918,1,18.0000,60,0,1741),(10918,60,34.0000,25,0,1742),(10919,16,17.4500,24,0,1743),(10919,25,14.0000,24,0,1744),(10919,40,18.4000,20,0,1745),(10920,50,16.2500,24,0,1746),(10921,35,18.0000,10,0,1747),(10921,63,43.9000,40,0,1748),(10922,17,39.0000,15,0,1749),(10922,24,4.5000,35,0,1750),(10923,42,14.0000,10,0,1751),(10923,43,46.0000,10,0,1752),(10923,67,14.0000,24,0,1753),(10924,10,31.0000,20,0,1754),(10924,28,45.6000,30,0,1755),(10924,75,7.7500,6,0,1756),(10925,36,19.0000,25,0,1757),(10925,52,7.0000,12,0,1758),(10926,11,21.0000,2,0,1759),(10926,13,6.0000,10,0,1760),(10926,19,9.2000,7,0,1761),(10926,72,34.8000,10,0,1762),(10927,20,81.0000,5,0,1763),(10927,52,7.0000,5,0,1764),(10927,76,18.0000,20,0,1765),(10928,47,9.5000,5,0,1766),(10928,76,18.0000,5,0,1767),(10929,21,10.0000,60,0,1768),(10929,75,7.7500,49,0,1769),(10929,77,13.0000,15,0,1770),(10930,21,10.0000,36,0,1771),(10930,27,43.9000,25,0,1772),(10930,55,24.0000,25,0,1773),(10930,58,13.2500,30,0,1774),(10931,13,6.0000,42,0,1775),(10931,57,19.5000,30,0,1776),(10932,16,17.4500,30,0,1777),(10932,62,49.3000,14,0,1778),(10932,72,34.8000,16,0,1779),(10932,75,7.7500,20,0,1780),(10933,53,32.8000,2,0,1781),(10933,61,28.5000,30,0,1782),(10934,6,25.0000,20,0,1783),(10935,1,18.0000,21,0,1784),(10935,18,62.5000,4,0,1785),(10935,23,9.0000,8,0,1786),(10936,36,19.0000,30,0,1787),(10937,28,45.6000,8,0,1788),(10937,34,14.0000,20,0,1789),(10938,13,6.0000,20,0,1790),(10938,43,46.0000,24,0,1791),(10938,60,34.0000,49,0,1792),(10938,71,21.5000,35,0,1793),(10939,2,19.0000,10,0,1794),(10939,67,14.0000,40,0,1795),(10940,7,30.0000,8,0,1796),(10940,13,6.0000,20,0,1797),(10941,31,12.5000,44,0,1798),(10941,62,49.3000,30,0,1799),(10941,68,12.5000,80,0,1800),(10941,72,34.8000,50,0,1801),(10942,49,20.0000,28,0,1802),(10943,13,6.0000,15,0,1803),(10943,22,21.0000,21,0,1804),(10943,46,12.0000,15,0,1805),(10944,11,21.0000,5,0,1806),(10944,44,19.4500,18,0,1807),(10944,56,38.0000,18,0,1808),(10945,13,6.0000,20,0,1809),(10945,31,12.5000,10,0,1810),(10946,10,31.0000,25,0,1811),(10946,24,4.5000,25,0,1812),(10946,77,13.0000,40,0,1813),(10947,59,55.0000,4,0,1814),(10948,50,16.2500,9,0,1815),(10948,51,53.0000,40,0,1816),(10948,55,24.0000,4,0,1817),(10949,6,25.0000,12,0,1818),(10949,10,31.0000,30,0,1819),(10949,17,39.0000,6,0,1820),(10949,62,49.3000,60,0,1821),(10950,4,22.0000,5,0,1822),(10951,33,2.5000,15,0,1823),(10951,41,9.6500,6,0,1824),(10951,75,7.7500,50,0,1825),(10952,6,25.0000,16,0,1826),(10952,28,45.6000,2,0,1827),(10953,20,81.0000,50,0,1828),(10953,31,12.5000,50,0,1829),(10954,16,17.4500,28,0,1830),(10954,31,12.5000,25,0,1831),(10954,45,9.5000,30,0,1832),(10954,60,34.0000,24,0,1833),(10955,75,7.7500,12,0,1834),(10956,21,10.0000,12,0,1835),(10956,47,9.5000,14,0,1836),(10956,51,53.0000,8,0,1837),(10957,30,25.8900,30,0,1838),(10957,35,18.0000,40,0,1839),(10957,64,33.2500,8,0,1840),(10958,5,21.3500,20,0,1841),(10958,7,30.0000,6,0,1842),(10958,72,34.8000,5,0,1843),(10959,75,7.7500,20,0,1844),(10960,24,4.5000,10,0,1845),(10960,41,9.6500,24,0,1846),(10961,52,7.0000,6,0,1847),(10961,76,18.0000,60,0,1848),(10962,7,30.0000,45,0,1849),(10962,13,6.0000,77,0,1850),(10962,53,32.8000,20,0,1851),(10962,69,36.0000,9,0,1852),(10962,76,18.0000,44,0,1853),(10963,60,34.0000,2,0,1854),(10964,18,62.5000,6,0,1855),(10964,38,263.5000,5,0,1856),(10964,69,36.0000,10,0,1857),(10965,51,53.0000,16,0,1858),(10966,37,26.0000,8,0,1859),(10966,56,38.0000,12,0,1860),(10966,62,49.3000,12,0,1861),(10967,19,9.2000,12,0,1862),(10967,49,20.0000,40,0,1863),(10968,12,38.0000,30,0,1864),(10968,24,4.5000,30,0,1865),(10968,64,33.2500,4,0,1866),(10969,46,12.0000,9,0,1867),(10970,52,7.0000,40,0,1868),(10971,29,123.7900,14,0,1869),(10972,17,39.0000,6,0,1870),(10972,33,2.5000,7,0,1871),(10973,26,31.2300,5,0,1872),(10973,41,9.6500,6,0,1873),(10973,75,7.7500,10,0,1874),(10974,63,43.9000,10,0,1875),(10975,8,40.0000,16,0,1876),(10975,75,7.7500,10,0,1877),(10976,28,45.6000,20,0,1878),(10977,39,18.0000,30,0,1879),(10977,47,9.5000,30,0,1880),(10977,51,53.0000,10,0,1881),(10977,63,43.9000,20,0,1882),(10978,8,40.0000,20,0,1883),(10978,21,10.0000,40,0,1884),(10978,40,18.4000,10,0,1885),(10978,44,19.4500,6,0,1886),(10979,7,30.0000,18,0,1887),(10979,12,38.0000,20,0,1888),(10979,24,4.5000,80,0,1889),(10979,27,43.9000,30,0,1890),(10979,31,12.5000,24,0,1891),(10979,63,43.9000,35,0,1892),(10980,75,7.7500,40,0,1893),(10981,38,263.5000,60,0,1894),(10982,7,30.0000,20,0,1895),(10982,43,46.0000,9,0,1896),(10983,13,6.0000,84,0,1897),(10983,57,19.5000,15,0,1898),(10984,16,17.4500,55,0,1899),(10984,24,4.5000,20,0,1900),(10984,36,19.0000,40,0,1901),(10985,16,17.4500,36,0,1902),(10985,18,62.5000,8,0,1903),(10985,32,32.0000,35,0,1904),(10986,11,21.0000,30,0,1905),(10986,20,81.0000,15,0,1906),(10986,76,18.0000,10,0,1907),(10986,77,13.0000,15,0,1908),(10987,7,30.0000,60,0,1909),(10987,43,46.0000,6,0,1910),(10987,72,34.8000,20,0,1911),(10988,7,30.0000,60,0,1912),(10988,62,49.3000,40,0,1913),(10989,6,25.0000,40,0,1914),(10989,11,21.0000,15,0,1915),(10989,41,9.6500,4,0,1916),(10990,21,10.0000,65,0,1917),(10990,34,14.0000,60,0,1918),(10990,55,24.0000,65,0,1919),(10990,61,28.5000,66,0,1920),(10991,2,19.0000,50,0,1921),(10991,70,15.0000,20,0,1922),(10991,76,18.0000,90,0,1923),(10992,72,34.8000,2,0,1924),(10993,29,123.7900,50,0,1925),(10993,41,9.6500,35,0,1926),(10994,59,55.0000,18,0,1927),(10995,51,53.0000,20,0,1928),(10995,60,34.0000,4,0,1929),(10996,42,14.0000,40,0,1930),(10997,32,32.0000,50,0,1931),(10997,46,12.0000,20,0,1932),(10997,52,7.0000,20,0,1933),(10998,24,4.5000,12,0,1934),(10998,61,28.5000,7,0,1935),(10998,74,10.0000,20,0,1936),(10998,75,7.7500,30,0,1937),(10999,41,9.6500,20,0,1938),(10999,51,53.0000,15,0,1939),(10999,77,13.0000,21,0,1940),(11000,4,22.0000,25,0,1941),(11000,24,4.5000,30,0,1942),(11000,77,13.0000,30,0,1943),(11001,7,30.0000,60,0,1944),(11001,22,21.0000,25,0,1945),(11001,46,12.0000,25,0,1946),(11001,55,24.0000,6,0,1947),(11002,13,6.0000,56,0,1948),(11002,35,18.0000,15,0,1949),(11002,42,14.0000,24,0,1950),(11002,55,24.0000,40,0,1951),(11003,1,18.0000,4,0,1952),(11003,40,18.4000,10,0,1953),(11003,52,7.0000,10,0,1954),(11004,26,31.2300,6,0,1955),(11004,76,18.0000,6,0,1956),(11005,1,18.0000,2,0,1957),(11005,59,55.0000,10,0,1958),(11006,1,18.0000,8,0,1959),(11006,29,123.7900,2,0,1960),(11007,8,40.0000,30,0,1961),(11007,29,123.7900,10,0,1962),(11007,42,14.0000,14,0,1963),(11008,28,45.6000,70,0,1964),(11008,34,14.0000,90,0,1965),(11008,71,21.5000,21,0,1966),(11009,24,4.5000,12,0,1967),(11009,36,19.0000,18,0,1968),(11009,60,34.0000,9,0,1969),(11010,7,30.0000,20,0,1970),(11010,24,4.5000,10,0,1971),(11011,58,13.2500,40,0,1972),(11011,71,21.5000,20,0,1973),(11012,19,9.2000,50,0,1974),(11012,60,34.0000,36,0,1975),(11012,71,21.5000,60,0,1976),(11013,23,9.0000,10,0,1977),(11013,42,14.0000,4,0,1978),(11013,45,9.5000,20,0,1979),(11013,68,12.5000,2,0,1980),(11014,41,9.6500,28,0,1981),(11015,30,25.8900,15,0,1982),(11015,77,13.0000,18,0,1983),(11016,31,12.5000,15,0,1984),(11016,36,19.0000,16,0,1985),(11017,3,10.0000,25,0,1986),(11017,59,55.0000,110,0,1987),(11017,70,15.0000,30,0,1988),(11018,12,38.0000,20,0,1989),(11018,18,62.5000,10,0,1990),(11018,56,38.0000,5,0,1991),(11019,46,12.0000,3,0,1992),(11019,49,20.0000,2,0,1993),(11020,10,31.0000,24,0,1994),(11021,2,19.0000,11,0,1995),(11021,20,81.0000,15,0,1996),(11021,26,31.2300,63,0,1997),(11021,51,53.0000,44,0,1998),(11021,72,34.8000,35,0,1999),(11022,19,9.2000,35,0,2000),(11022,69,36.0000,30,0,2001),(11023,7,30.0000,4,0,2002),(11023,43,46.0000,30,0,2003),(11024,26,31.2300,12,0,2004),(11024,33,2.5000,30,0,2005),(11024,65,21.0500,21,0,2006),(11024,71,21.5000,50,0,2007),(11025,1,18.0000,10,0,2008),(11025,13,6.0000,20,0,2009),(11026,18,62.5000,8,0,2010),(11026,51,53.0000,10,0,2011),(11027,24,4.5000,30,0,2012),(11027,62,49.3000,21,0,2013),(11028,55,24.0000,35,0,2014),(11028,59,55.0000,24,0,2015),(11029,56,38.0000,20,0,2016),(11029,63,43.9000,12,0,2017),(11030,2,19.0000,100,0,2018),(11030,5,21.3500,70,0,2019),(11030,29,123.7900,60,0,2020),(11030,59,55.0000,100,0,2021),(11031,1,18.0000,45,0,2022),(11031,13,6.0000,80,0,2023),(11031,24,4.5000,21,0,2024),(11031,64,33.2500,20,0,2025),(11031,71,21.5000,16,0,2026),(11032,36,19.0000,35,0,2027),(11032,38,263.5000,25,0,2028),(11032,59,55.0000,30,0,2029),(11033,53,32.8000,70,0,2030),(11033,69,36.0000,36,0,2031),(11034,21,10.0000,15,0,2032),(11034,44,19.4500,12,0,2033),(11034,61,28.5000,6,0,2034),(11035,1,18.0000,10,0,2035),(11035,35,18.0000,60,0,2036),(11035,42,14.0000,30,0,2037),(11035,54,7.4500,10,0,2038),(11036,13,6.0000,7,0,2039),(11036,59,55.0000,30,0,2040),(11037,70,15.0000,4,0,2041),(11038,40,18.4000,5,0,2042),(11038,52,7.0000,2,0,2043),(11038,71,21.5000,30,0,2044),(11039,28,45.6000,20,0,2045),(11039,35,18.0000,24,0,2046),(11039,49,20.0000,60,0,2047),(11039,57,19.5000,28,0,2048),(11040,21,10.0000,20,0,2049),(11041,2,19.0000,30,0,2050),(11041,63,43.9000,30,0,2051),(11042,44,19.4500,15,0,2052),(11042,61,28.5000,4,0,2053),(11043,11,21.0000,10,0,2054),(11044,62,49.3000,12,0,2055),(11045,33,2.5000,15,0,2056),(11045,51,53.0000,24,0,2057),(11046,12,38.0000,20,0,2058),(11046,32,32.0000,15,0,2059),(11046,35,18.0000,18,0,2060),(11047,1,18.0000,25,0,2061),(11047,5,21.3500,30,0,2062),(11048,68,12.5000,42,0,2063),(11049,2,19.0000,10,0,2064),(11049,12,38.0000,4,0,2065),(11050,76,18.0000,50,0,2066),(11051,24,4.5000,10,0,2067),(11052,43,46.0000,30,0,2068),(11052,61,28.5000,10,0,2069),(11053,18,62.5000,35,0,2070),(11053,32,32.0000,20,0,2071),(11053,64,33.2500,25,0,2072),(11054,33,2.5000,10,0,2073),(11054,67,14.0000,20,0,2074),(11055,24,4.5000,15,0,2075),(11055,25,14.0000,15,0,2076),(11055,51,53.0000,20,0,2077),(11055,57,19.5000,20,0,2078),(11056,7,30.0000,40,0,2079),(11056,55,24.0000,35,0,2080),(11056,60,34.0000,50,0,2081),(11057,70,15.0000,3,0,2082),(11058,21,10.0000,3,0,2083),(11058,60,34.0000,21,0,2084),(11058,61,28.5000,4,0,2085),(11059,13,6.0000,30,0,2086),(11059,17,39.0000,12,0,2087),(11059,60,34.0000,35,0,2088),(11060,60,34.0000,4,0,2089),(11060,77,13.0000,10,0,2090),(11061,60,34.0000,15,0,2091),(11062,53,32.8000,10,0,2092),(11062,70,15.0000,12,0,2093),(11063,34,14.0000,30,0,2094),(11063,40,18.4000,40,0,2095),(11063,41,9.6500,30,0,2096),(11064,17,39.0000,77,0,2097),(11064,41,9.6500,12,0,2098),(11064,53,32.8000,25,0,2099),(11064,55,24.0000,4,0,2100),(11064,68,12.5000,55,0,2101),(11065,30,25.8900,4,0,2102),(11065,54,7.4500,20,0,2103),(11066,16,17.4500,3,0,2104),(11066,19,9.2000,42,0,2105),(11066,34,14.0000,35,0,2106),(11067,41,9.6500,9,0,2107),(11068,28,45.6000,8,0,2108),(11068,43,46.0000,36,0,2109),(11068,77,13.0000,28,0,2110),(11069,39,18.0000,20,0,2111),(11070,1,18.0000,40,0,2112),(11070,2,19.0000,20,0,2113),(11070,16,17.4500,30,0,2114),(11070,31,12.5000,20,0,2115),(11071,7,30.0000,15,0,2116),(11071,13,6.0000,10,0,2117),(11072,2,19.0000,8,0,2118),(11072,41,9.6500,40,0,2119),(11072,50,16.2500,22,0,2120),(11072,64,33.2500,130,0,2121),(11073,11,21.0000,10,0,2122),(11073,24,4.5000,20,0,2123),(11074,16,17.4500,14,0,2124),(11075,2,19.0000,10,0,2125),(11075,46,12.0000,30,0,2126),(11075,76,18.0000,2,0,2127),(11076,6,25.0000,20,0,2128),(11076,14,23.2500,20,0,2129),(11076,19,9.2000,10,0,2130),(11077,2,19.0000,24,0,2131),(11077,3,10.0000,4,0,2132),(11077,4,22.0000,1,0,2133),(11077,6,25.0000,1,0,2134),(11077,7,30.0000,1,0,2135),(11077,8,40.0000,2,0,2136),(11077,10,31.0000,1,0,2137),(11077,12,38.0000,2,0,2138),(11077,13,6.0000,4,0,2139),(11077,14,23.2500,1,0,2140),(11077,16,17.4500,2,0,2141),(11077,20,81.0000,1,0,2142),(11077,23,9.0000,2,0,2143),(11077,32,32.0000,1,0,2144),(11077,39,18.0000,2,0,2145),(11077,41,9.6500,3,0,2146),(11077,46,12.0000,3,0,2147),(11077,52,7.0000,2,0,2148),(11077,55,24.0000,2,0,2149),(11077,60,34.0000,2,0,2150),(11077,64,33.2500,2,0,2151),(11077,66,17.0000,1,0,2152),(11077,73,15.0000,2,0,2153),(11077,75,7.7500,4,0,2154),(11077,77,13.0000,2,0,2155);
/*!40000 ALTER TABLE `order_details` ENABLE KEYS */;
UNLOCK TABLES;

--
-- Final view structure for view `Alphabetical list of products`
--

/*!50001 DROP VIEW IF EXISTS `Alphabetical list of products`*/;
/*!50001 SET @saved_cs_client          = @@character_set_client */;
/*!50001 SET @saved_cs_results         = @@character_set_results */;
/*!50001 SET @saved_col_connection     = @@collation_connection */;
/*!50001 SET character_set_client      = utf8 */;
/*!50001 SET character_set_results     = utf8 */;
/*!50001 SET collation_connection      = utf8_general_ci */;
/*!50001 CREATE ALGORITHM=UNDEFINED */
/*!50013 DEFINER=`root`@`localhost` SQL SECURITY DEFINER */
/*!50001 VIEW `Alphabetical list of products` AS select `Products`.`ProductID` AS `ProductID`,`Products`.`ProductName` AS `ProductName`,`Products`.`SupplierID` AS `SupplierID`,`Products`.`CategoryID` AS `CategoryID`,`Products`.`QuantityPerUnit` AS `QuantityPerUnit`,`Products`.`UnitPrice` AS `UnitPrice`,`Products`.`UnitsInStock` AS `UnitsInStock`,`Products`.`UnitsOnOrder` AS `UnitsOnOrder`,`Products`.`ReorderLevel` AS `ReorderLevel`,`Products`.`Discontinued` AS `Discontinued`,`Categories`.`CategoryName` AS `CategoryName` from (`Categories` join `Products` on(`Categories`.`CategoryID` = `Products`.`CategoryID`)) where `Products`.`Discontinued` = 0 */;
/*!50001 SET character_set_client      = @saved_cs_client */;
/*!50001 SET character_set_results     = @saved_cs_results */;
/*!50001 SET collation_connection      = @saved_col_connection */;

--
-- Final view structure for view `Current Product List`
--

/*!50001 DROP VIEW IF EXISTS `Current Product List`*/;
/*!50001 SET @saved_cs_client          = @@character_set_client */;
/*!50001 SET @saved_cs_results         = @@character_set_results */;
/*!50001 SET @saved_col_connection     = @@collation_connection */;
/*!50001 SET character_set_client      = utf8 */;
/*!50001 SET character_set_results     = utf8 */;
/*!50001 SET collation_connection      = utf8_general_ci */;
/*!50001 CREATE ALGORITHM=UNDEFINED */
/*!50013 DEFINER=`root`@`localhost` SQL SECURITY DEFINER */
/*!50001 VIEW `Current Product List` AS select `Products`.`ProductID` AS `ProductID`,`Products`.`ProductName` AS `ProductName` from `Products` where `Products`.`Discontinued` = 0 */;
/*!50001 SET character_set_client      = @saved_cs_client */;
/*!50001 SET character_set_results     = @saved_cs_results */;
/*!50001 SET collation_connection      = @saved_col_connection */;

--
-- Final view structure for view `Customer and Suppliers by City`
--

/*!50001 DROP VIEW IF EXISTS `Customer and Suppliers by City`*/;
/*!50001 SET @saved_cs_client          = @@character_set_client */;
/*!50001 SET @saved_cs_results         = @@character_set_results */;
/*!50001 SET @saved_col_connection     = @@collation_connection */;
/*!50001 SET character_set_client      = utf8 */;
/*!50001 SET character_set_results     = utf8 */;
/*!50001 SET collation_connection      = utf8_general_ci */;
/*!50001 CREATE ALGORITHM=UNDEFINED */
/*!50013 DEFINER=`root`@`localhost` SQL SECURITY DEFINER */
/*!50001 VIEW `Customer and Suppliers by City` AS select `Customers`.`City` AS `City`,`Customers`.`CompanyName` AS `CompanyName`,`Customers`.`ContactName` AS `ContactName`,'Customers' AS `Relationship` from `Customers` union select `Suppliers`.`City` AS `City`,`Suppliers`.`CompanyName` AS `CompanyName`,`Suppliers`.`ContactName` AS `ContactName`,'Suppliers' AS `Suppliers` from `Suppliers` order by `City`,`CompanyName` */;
/*!50001 SET character_set_client      = @saved_cs_client */;
/*!50001 SET character_set_results     = @saved_cs_results */;
/*!50001 SET collation_connection      = @saved_col_connection */;
/*!40103 SET TIME_ZONE=@OLD_TIME_ZONE */;

/*!40101 SET SQL_MODE=@OLD_SQL_MODE */;
/*!40014 SET FOREIGN_KEY_CHECKS=@OLD_FOREIGN_KEY_CHECKS */;
/*!40014 SET UNIQUE_CHECKS=@OLD_UNIQUE_CHECKS */;
/*!40101 SET CHARACTER_SET_CLIENT=@OLD_CHARACTER_SET_CLIENT */;
/*!40101 SET CHARACTER_SET_RESULTS=@OLD_CHARACTER_SET_RESULTS */;
/*!40101 SET COLLATION_CONNECTION=@OLD_COLLATION_CONNECTION */;
/*!40111 SET SQL_NOTES=@OLD_SQL_NOTES */;

-- Dump completed on 2022-12-28 18:05:35
